,id,age_ratings
0,121730,"[{'id': 113928, 'category': 2, 'rating': 2}, {'id': 114326, 'category': 7, 'rating': 35}, {'id': 114327, 'category': 5, 'rating': 24}, {'id': 115334, 'category': 1, 'rating': 10}, {'id': 125915, 'category': 4, 'rating': 20}, {'id': 125916, 'category': 7, 'rating': 36}]"
1,194837,"[{'id': 105977, 'category': 1, 'rating': 10}, {'id': 114434, 'category': 7, 'rating': 35}, {'id': 114435, 'category': 3, 'rating': 14}, {'id': 114436, 'category': 5, 'rating': 24}, {'id': 114437, 'category': 2, 'rating': 3}, {'id': 117704, 'category': 4, 'rating': 20}]"
2,199129,"[{'id': 130094, 'category': 7, 'rating': 34}, {'id': 130095, 'category': 2, 'rating': 1}, {'id': 130096, 'category': 6, 'rating': 28}, {'id': 130097, 'category': 4, 'rating': 18}, {'id': 130098, 'category': 1, 'rating': 8}]"
3,203939,"[{'id': 114019, 'category': 2, 'rating': 4}, {'id': 114186, 'category': 1, 'rating': 10}]"
4,204013,"[{'id': 106168, 'category': 1, 'rating': 8}, {'id': 114063, 'category': 2, 'rating': 1}, {'id': 120931, 'category': 5, 'rating': 23}]"
5,213741,"[{'id': 113929, 'category': 2, 'rating': 3}, {'id': 114105, 'category': 1, 'rating': 10}, {'id': 119113, 'category': 5, 'rating': 25}]"
6,211893,"[{'id': 103798, 'category': 1, 'rating': 8}, {'id': 105094, 'category': 2, 'rating': 2}, {'id': 115010, 'category': 7, 'rating': 35}, {'id': 115011, 'category': 5, 'rating': 24}, {'id': 125587, 'category': 4, 'rating': 19}]"
7,214399,"[{'id': 88817, 'category': 1, 'rating': 9}, {'id': 115007, 'category': 7, 'rating': 35}, {'id': 115008, 'category': 5, 'rating': 25}, {'id': 115009, 'category': 2, 'rating': 4}, {'id': 122808, 'category': 6, 'rating': 29}, {'id': 122809, 'category': 4, 'rating': 20}]"
8,215119,"[{'id': 114081, 'category': 1, 'rating': 9}, {'id': 122469, 'category': 7, 'rating': 35}, {'id': 122470, 'category': 2, 'rating': 2}, {'id': 122814, 'category': 4, 'rating': 19}, {'id': 155093, 'category': 5, 'rating': 23}]"
9,217550,"[{'id': 93511, 'category': 3, 'rating': 14}, {'id': 119078, 'category': 5, 'rating': 24}, {'id': 138704, 'category': 4, 'rating': 20}, {'id': 162886, 'category': 1, 'rating': 10}, {'id': 162887, 'category': 2, 'rating': 3}, {'id': 162888, 'category': 6, 'rating': 30}, {'id': 162889, 'category': 7, 'rating': 36}]"
10,134583,"[{'id': 74004, 'category': 2, 'rating': 5}, {'id': 77080, 'category': 5, 'rating': 26}, {'id': 81885, 'category': 1, 'rating': 11}, {'id': 106670, 'category': 7, 'rating': 36}, {'id': 116896, 'category': 3, 'rating': 15}, {'id': 127695, 'category': 4, 'rating': 21}]"
11,233585,"[{'id': 115500, 'category': 1, 'rating': 10}, {'id': 116952, 'category': 7, 'rating': 36}, {'id': 116953, 'category': 3, 'rating': 14}, {'id': 116954, 'category': 2, 'rating': 3}, {'id': 116955, 'category': 5, 'rating': 24}, {'id': 125106, 'category': 6, 'rating': 30}]"
12,198625,"[{'id': 150705, 'category': 2, 'rating': 1}, {'id': 150787, 'category': 1, 'rating': 8}, {'id': 158579, 'category': 5, 'rating': 23}]"
13,204461,"[{'id': 117246, 'category': 1, 'rating': 9}, {'id': 117248, 'category': 7, 'rating': 35}, {'id': 117404, 'category': 2, 'rating': 2}, {'id': 127702, 'category': 4, 'rating': 20}, {'id': 127747, 'category': 5, 'rating': 23}]"
14,214530,"[{'id': 117622, 'category': 3, 'rating': 15}, {'id': 136424, 'category': 5, 'rating': 25}, {'id': 150779, 'category': 1, 'rating': 10}, {'id': 151848, 'category': 2, 'rating': 3}]"
15,233571,"[{'id': 115473, 'category': 1, 'rating': 11}, {'id': 115474, 'category': 2, 'rating': 5}, {'id': 115475, 'category': 3, 'rating': 17}, {'id': 115476, 'category': 4, 'rating': 22}, {'id': 115477, 'category': 5, 'rating': 26}, {'id': 115478, 'category': 6, 'rating': 33}, {'id': 115479, 'category': 7, 'rating': 37}]"
16,159119,"[{'id': 105139, 'category': 6, 'rating': 33}, {'id': 105141, 'category': 5, 'rating': 26}, {'id': 117650, 'category': 4, 'rating': 22}, {'id': 128318, 'category': 1, 'rating': 11}, {'id': 128319, 'category': 2, 'rating': 5}, {'id': 128320, 'category': 7, 'rating': 37}]"
17,216579,"[{'id': 137846, 'category': 2, 'rating': 3}, {'id': 139724, 'category': 1, 'rating': 10}]"
18,204645,"[{'id': 117731, 'category': 1, 'rating': 10}, {'id': 117732, 'category': 2, 'rating': 3}, {'id': 117733, 'category': 7, 'rating': 35}, {'id': 117734, 'category': 5, 'rating': 24}]"
19,141541,"[{'id': 73025, 'category': 1, 'rating': 8}, {'id': 73026, 'category': 2, 'rating': 1}, {'id': 141633, 'category': 4, 'rating': 18}]"
20,171219,"[{'id': 117607, 'category': 3, 'rating': 13}, {'id': 118923, 'category': 5, 'rating': 23}, {'id': 126307, 'category': 6, 'rating': 29}, {'id': 142565, 'category': 4, 'rating': 19}, {'id': 144286, 'category': 1, 'rating': 9}, {'id': 144287, 'category': 2, 'rating': 2}, {'id': 144288, 'category': 7, 'rating': 34}]"
21,186297,"[{'id': 100635, 'category': 1, 'rating': 8}, {'id': 119077, 'category': 5, 'rating': 23}, {'id': 119270, 'category': 2, 'rating': 1}, {'id': 119271, 'category': 7, 'rating': 34}]"
22,145797,"[{'id': 117360, 'category': 2, 'rating': 4}, {'id': 117361, 'category': 1, 'rating': 11}, {'id': 122822, 'category': 4, 'rating': 22}]"
23,194740,"[{'id': 81895, 'category': 1, 'rating': 10}, {'id': 106605, 'category': 2, 'rating': 3}, {'id': 119596, 'category': 7, 'rating': 37}, {'id': 119597, 'category': 5, 'rating': 25}, {'id': 126385, 'category': 4, 'rating': 21}]"
24,222944,"[{'id': 114184, 'category': 1, 'rating': 8}, {'id': 114323, 'category': 2, 'rating': 1}]"
25,204631,"[{'id': 139018, 'category': 4, 'rating': 20}, {'id': 154838, 'category': 1, 'rating': 9}, {'id': 158652, 'category': 2, 'rating': 3}, {'id': 158653, 'category': 6, 'rating': 29}, {'id': 158654, 'category': 7, 'rating': 35}, {'id': 158655, 'category': 5, 'rating': 25}]"
26,236663,"[{'id': 120523, 'category': 4, 'rating': 20}, {'id': 120938, 'category': 5, 'rating': 24}, {'id': 120954, 'category': 3, 'rating': 14}, {'id': 131165, 'category': 1, 'rating': 10}, {'id': 131166, 'category': 2, 'rating': 3}, {'id': 131167, 'category': 6, 'rating': 30}, {'id': 131168, 'category': 7, 'rating': 36}]"
27,136625,"[{'id': 113299, 'category': 5, 'rating': 24}, {'id': 119061, 'category': 4, 'rating': 20}, {'id': 120343, 'category': 7, 'rating': 36}, {'id': 120745, 'category': 3, 'rating': 15}, {'id': 126126, 'category': 6, 'rating': 30}, {'id': 131163, 'category': 1, 'rating': 10}, {'id': 131164, 'category': 2, 'rating': 3}]"
28,173091,"[{'id': 121058, 'category': 2, 'rating': 5}, {'id': 121059, 'category': 7, 'rating': 38}, {'id': 121796, 'category': 1, 'rating': 11}, {'id': 126535, 'category': 4, 'rating': 22}, {'id': 138352, 'category': 6, 'rating': 33}]"
29,217256,"[{'id': 119584, 'category': 7, 'rating': 36}, {'id': 119585, 'category': 2, 'rating': 4}, {'id': 125064, 'category': 4, 'rating': 20}, {'id': 127684, 'category': 6, 'rating': 31}, {'id': 143554, 'category': 1, 'rating': 10}]"
30,151787,"[{'id': 114907, 'category': 1, 'rating': 11}, {'id': 127698, 'category': 6, 'rating': 31}, {'id': 127699, 'category': 4, 'rating': 21}, {'id': 129503, 'category': 5, 'rating': 26}, {'id': 160784, 'category': 7, 'rating': 36}, {'id': 160785, 'category': 6, 'rating': 32}, {'id': 160787, 'category': 2, 'rating': 4}]"
31,215894,"[{'id': 112945, 'category': 1, 'rating': 9}, {'id': 119837, 'category': 2, 'rating': 4}, {'id': 120871, 'category': 5, 'rating': 23}, {'id': 139024, 'category': 4, 'rating': 20}, {'id': 149833, 'category': 7, 'rating': 35}, {'id': 149834, 'category': 6, 'rating': 29}, {'id': 149835, 'category': 2, 'rating': 3}, {'id': 160418, 'category': 5, 'rating': 24}]"
32,218793,"[{'id': 110024, 'category': 1, 'rating': 10}, {'id': 113292, 'category': 7, 'rating': 36}, {'id': 113293, 'category': 2, 'rating': 3}, {'id': 113294, 'category': 5, 'rating': 24}, {'id': 122363, 'category': 3, 'rating': 15}, {'id': 122802, 'category': 4, 'rating': 20}, {'id': 125735, 'category': 6, 'rating': 31}]"
33,107233,"[{'id': 80723, 'category': 5, 'rating': 24}, {'id': 112284, 'category': 4, 'rating': 19}, {'id': 113344, 'category': 1, 'rating': 9}, {'id': 145698, 'category': 7, 'rating': 35}, {'id': 145699, 'category': 3, 'rating': 14}, {'id': 145700, 'category': 6, 'rating': 30}, {'id': 145701, 'category': 2, 'rating': 3}]"
34,217564,"[{'id': 95406, 'category': 1, 'rating': 10}, {'id': 102143, 'category': 3, 'rating': 14}, {'id': 122020, 'category': 5, 'rating': 24}, {'id': 122359, 'category': 7, 'rating': 36}, {'id': 122360, 'category': 2, 'rating': 3}, {'id': 126624, 'category': 4, 'rating': 19}]"
35,219436,"[{'id': 106441, 'category': 1, 'rating': 8}, {'id': 113919, 'category': 2, 'rating': 1}, {'id': 122172, 'category': 5, 'rating': 23}, {'id': 122391, 'category': 7, 'rating': 34}, {'id': 126073, 'category': 6, 'rating': 28}]"
36,76747,"[{'id': 122616, 'category': 5, 'rating': 26}, {'id': 122621, 'category': 2, 'rating': 5}, {'id': 122622, 'category': 7, 'rating': 38}, {'id': 125142, 'category': 4, 'rating': 22}, {'id': 132773, 'category': 6, 'rating': 32}, {'id': 134282, 'category': 1, 'rating': 11}]"
37,217597,"[{'id': 105962, 'category': 6, 'rating': 33}, {'id': 109668, 'category': 1, 'rating': 11}, {'id': 120427, 'category': 5, 'rating': 26}, {'id': 120428, 'category': 3, 'rating': 16}, {'id': 120429, 'category': 7, 'rating': 37}, {'id': 120430, 'category': 2, 'rating': 5}]"
38,186309,"[{'id': 74746, 'category': 2, 'rating': 3}, {'id': 109708, 'category': 1, 'rating': 10}]"
39,225770,"[{'id': 120903, 'category': 3, 'rating': 13}, {'id': 127663, 'category': 5, 'rating': 23}, {'id': 141563, 'category': 1, 'rating': 9}, {'id': 141573, 'category': 4, 'rating': 20}, {'id': 141574, 'category': 2, 'rating': 2}, {'id': 141575, 'category': 6, 'rating': 28}, {'id': 141576, 'category': 7, 'rating': 34}]"
40,237363,"[{'id': 120592, 'category': 2, 'rating': 1}, {'id': 120623, 'category': 1, 'rating': 8}, {'id': 120932, 'category': 5, 'rating': 23}]"
41,138137,"[{'id': 83426, 'category': 1, 'rating': 10}, {'id': 113307, 'category': 2, 'rating': 4}, {'id': 126993, 'category': 7, 'rating': 36}, {'id': 126994, 'category': 4, 'rating': 20}, {'id': 126995, 'category': 6, 'rating': 31}, {'id': 127012, 'category': 5, 'rating': 25}]"
42,156150,"[{'id': 135207, 'category': 1, 'rating': 11}, {'id': 140662, 'category': 3, 'rating': 16}, {'id': 140663, 'category': 5, 'rating': 26}, {'id': 140664, 'category': 7, 'rating': 37}, {'id': 140665, 'category': 2, 'rating': 5}, {'id': 140666, 'category': 4, 'rating': 22}, {'id': 140667, 'category': 6, 'rating': 32}]"
43,212571,"[{'id': 126982, 'category': 7, 'rating': 37}, {'id': 126983, 'category': 6, 'rating': 30}, {'id': 126986, 'category': 2, 'rating': 3}, {'id': 126987, 'category': 4, 'rating': 21}, {'id': 127027, 'category': 1, 'rating': 10}, {'id': 127065, 'category': 5, 'rating': 26}, {'id': 148023, 'category': 3, 'rating': 16}]"
44,220832,"[{'id': 120157, 'category': 1, 'rating': 8}, {'id': 126988, 'category': 2, 'rating': 1}, {'id': 126989, 'category': 6, 'rating': 28}, {'id': 126990, 'category': 4, 'rating': 18}, {'id': 126991, 'category': 7, 'rating': 34}, {'id': 126992, 'category': 5, 'rating': 23}]"
45,59598,"[{'id': 83038, 'category': 2, 'rating': 2}, {'id': 115492, 'category': 1, 'rating': 9}, {'id': 140546, 'category': 5, 'rating': 25}, {'id': 140849, 'category': 3, 'rating': 14}]"
46,181486,"[{'id': 119992, 'category': 2, 'rating': 5}, {'id': 119993, 'category': 1, 'rating': 10}, {'id': 127101, 'category': 4, 'rating': 21}]"
47,217554,"[{'id': 109653, 'category': 1, 'rating': 10}, {'id': 114015, 'category': 2, 'rating': 3}, {'id': 117512, 'category': 3, 'rating': 16}, {'id': 118749, 'category': 5, 'rating': 24}, {'id': 119035, 'category': 4, 'rating': 20}]"
48,217565,"[{'id': 91139, 'category': 2, 'rating': 2}, {'id': 102241, 'category': 3, 'rating': 13}, {'id': 106401, 'category': 1, 'rating': 9}]"
49,152074,"[{'id': 127835, 'category': 7, 'rating': 36}, {'id': 127836, 'category': 1, 'rating': 10}, {'id': 127837, 'category': 2, 'rating': 3}, {'id': 127838, 'category': 4, 'rating': 21}, {'id': 127839, 'category': 6, 'rating': 31}, {'id': 127840, 'category': 5, 'rating': 24}]"
50,217557,"[{'id': 117598, 'category': 3, 'rating': 13}, {'id': 129473, 'category': 2, 'rating': 2}, {'id': 132274, 'category': 5, 'rating': 23}, {'id': 149222, 'category': 1, 'rating': 10}]"
51,204628,"[{'id': 110027, 'category': 1, 'rating': 11}, {'id': 122250, 'category': 7, 'rating': 37}, {'id': 122251, 'category': 3, 'rating': 16}, {'id': 122252, 'category': 5, 'rating': 26}, {'id': 125070, 'category': 6, 'rating': 33}, {'id': 128536, 'category': 2, 'rating': 5}]"
52,239999,"[{'id': 128429, 'category': 2, 'rating': 5}, {'id': 128430, 'category': 4, 'rating': 21}, {'id': 128538, 'category': 5, 'rating': 26}, {'id': 128539, 'category': 1, 'rating': 11}, {'id': 128567, 'category': 6, 'rating': 32}, {'id': 128652, 'category': 3, 'rating': 17}, {'id': 128728, 'category': 7, 'rating': 37}]"
53,236694,"[{'id': 120538, 'category': 2, 'rating': 4}, {'id': 120539, 'category': 7, 'rating': 38}, {'id': 120872, 'category': 5, 'rating': 25}, {'id': 120961, 'category': 3, 'rating': 16}, {'id': 127190, 'category': 1, 'rating': 11}]"
54,119801,"[{'id': 50366, 'category': 1, 'rating': 9}, {'id': 51578, 'category': 2, 'rating': 2}, {'id': 127157, 'category': 7, 'rating': 35}, {'id': 127159, 'category': 5, 'rating': 23}, {'id': 127160, 'category': 4, 'rating': 19}, {'id': 137585, 'category': 6, 'rating': 31}]"
55,154769,"[{'id': 114994, 'category': 1, 'rating': 10}, {'id': 129098, 'category': 5, 'rating': 23}, {'id': 129131, 'category': 7, 'rating': 36}, {'id': 129132, 'category': 2, 'rating': 3}, {'id': 129133, 'category': 4, 'rating': 20}, {'id': 129520, 'category': 6, 'rating': 29}]"
56,207918,"[{'id': 127974, 'category': 3, 'rating': 13}, {'id': 129534, 'category': 5, 'rating': 23}, {'id': 139974, 'category': 2, 'rating': 2}, {'id': 140347, 'category': 1, 'rating': 9}]"
57,211902,"[{'id': 129533, 'category': 1, 'rating': 11}]"
58,217577,"[{'id': 120578, 'category': 1, 'rating': 10}, {'id': 120958, 'category': 3, 'rating': 15}, {'id': 129135, 'category': 7, 'rating': 36}, {'id': 129136, 'category': 2, 'rating': 4}, {'id': 129137, 'category': 6, 'rating': 31}, {'id': 129138, 'category': 5, 'rating': 25}, {'id': 129139, 'category': 4, 'rating': 22}]"
59,231222,"[{'id': 114222, 'category': 1, 'rating': 10}, {'id': 133756, 'category': 7, 'rating': 37}, {'id': 133757, 'category': 6, 'rating': 30}, {'id': 133758, 'category': 5, 'rating': 25}, {'id': 133759, 'category': 2, 'rating': 4}, {'id': 133760, 'category': 4, 'rating': 21}]"
60,233624,"[{'id': 117200, 'category': 2, 'rating': 1}, {'id': 117814, 'category': 1, 'rating': 8}, {'id': 120899, 'category': 5, 'rating': 23}, {'id': 129119, 'category': 6, 'rating': 28}, {'id': 129120, 'category': 4, 'rating': 19}, {'id': 129121, 'category': 7, 'rating': 34}]"
61,122200,"[{'id': 88085, 'category': 1, 'rating': 6}]"
62,212050,"[{'id': 119300, 'category': 1, 'rating': 10}, {'id': 119301, 'category': 2, 'rating': 3}, {'id': 127061, 'category': 3, 'rating': 15}, {'id': 129329, 'category': 7, 'rating': 36}, {'id': 129330, 'category': 4, 'rating': 20}, {'id': 129331, 'category': 6, 'rating': 31}, {'id': 129332, 'category': 5, 'rating': 24}]"
63,228740,"[{'id': 120606, 'category': 1, 'rating': 9}, {'id': 129106, 'category': 5, 'rating': 23}, {'id': 129347, 'category': 7, 'rating': 35}, {'id': 129348, 'category': 6, 'rating': 29}, {'id': 129350, 'category': 2, 'rating': 2}, {'id': 129352, 'category': 4, 'rating': 19}]"
64,138365,"[{'id': 127884, 'category': 2, 'rating': 3}, {'id': 128241, 'category': 1, 'rating': 10}, {'id': 128541, 'category': 7, 'rating': 35}, {'id': 128542, 'category': 6, 'rating': 29}, {'id': 128543, 'category': 4, 'rating': 20}, {'id': 129644, 'category': 5, 'rating': 24}]"
65,224413,"[{'id': 109610, 'category': 1, 'rating': 11}]"
66,231778,"[{'id': 114797, 'category': 1, 'rating': 10}, {'id': 129847, 'category': 5, 'rating': 24}, {'id': 130034, 'category': 7, 'rating': 35}, {'id': 130035, 'category': 3, 'rating': 13}, {'id': 130036, 'category': 6, 'rating': 30}, {'id': 130037, 'category': 2, 'rating': 3}, {'id': 130038, 'category': 4, 'rating': 19}]"
67,228528,"[{'id': 114048, 'category': 2, 'rating': 3}, {'id': 114203, 'category': 1, 'rating': 10}, {'id': 117602, 'category': 3, 'rating': 14}, {'id': 119093, 'category': 5, 'rating': 24}]"
68,233028,"[{'id': 115336, 'category': 1, 'rating': 10}, {'id': 115352, 'category': 2, 'rating': 4}, {'id': 130068, 'category': 5, 'rating': 25}, {'id': 130224, 'category': 7, 'rating': 36}, {'id': 130225, 'category': 3, 'rating': 15}, {'id': 130226, 'category': 4, 'rating': 21}, {'id': 130227, 'category': 6, 'rating': 30}]"
69,123192,"[{'id': 127019, 'category': 1, 'rating': 10}, {'id': 130389, 'category': 2, 'rating': 4}, {'id': 130390, 'category': 6, 'rating': 31}, {'id': 130391, 'category': 4, 'rating': 21}, {'id': 130392, 'category': 7, 'rating': 35}, {'id': 130393, 'category': 5, 'rating': 24}]"
70,134324,"[{'id': 127480, 'category': 5, 'rating': 24}, {'id': 130424, 'category': 1, 'rating': 10}, {'id': 139119, 'category': 4, 'rating': 20}]"
71,198232,"[{'id': 66674, 'category': 2, 'rating': 5}, {'id': 109594, 'category': 1, 'rating': 11}]"
72,159299,"[{'id': 129195, 'category': 1, 'rating': 10}, {'id': 130078, 'category': 2, 'rating': 4}, {'id': 130916, 'category': 5, 'rating': 25}, {'id': 131162, 'category': 7, 'rating': 36}]"
73,225779,"[{'id': 159824, 'category': 1, 'rating': 9}]"
74,132181,"[{'id': 106108, 'category': 1, 'rating': 11}, {'id': 106109, 'category': 6, 'rating': 33}, {'id': 130578, 'category': 5, 'rating': 26}, {'id': 130637, 'category': 7, 'rating': 38}, {'id': 130638, 'category': 3, 'rating': 17}, {'id': 130639, 'category': 2, 'rating': 5}, {'id': 130640, 'category': 4, 'rating': 22}]"
75,217558,"[{'id': 107680, 'category': 1, 'rating': 10}, {'id': 117517, 'category': 3, 'rating': 15}, {'id': 126765, 'category': 2, 'rating': 3}, {'id': 127659, 'category': 5, 'rating': 24}]"
76,152424,"[{'id': 129373, 'category': 1, 'rating': 8}, {'id': 132169, 'category': 7, 'rating': 34}, {'id': 139957, 'category': 4, 'rating': 18}]"
77,228541,"[{'id': 133073, 'category': 5, 'rating': 26}, {'id': 142119, 'category': 4, 'rating': 22}, {'id': 142746, 'category': 2, 'rating': 5}, {'id': 142747, 'category': 7, 'rating': 37}, {'id': 142748, 'category': 6, 'rating': 33}, {'id': 143033, 'category': 1, 'rating': 11}]"
78,230593,"[{'id': 119855, 'category': 1, 'rating': 8}, {'id': 120727, 'category': 2, 'rating': 1}, {'id': 120897, 'category': 5, 'rating': 23}, {'id': 131192, 'category': 6, 'rating': 28}, {'id': 131193, 'category': 4, 'rating': 18}, {'id': 131194, 'category': 7, 'rating': 34}]"
79,130776,"[{'id': 127570, 'category': 7, 'rating': 35}, {'id': 127571, 'category': 2, 'rating': 3}, {'id': 127572, 'category': 6, 'rating': 30}, {'id': 127573, 'category': 4, 'rating': 20}, {'id': 127574, 'category': 1, 'rating': 10}, {'id': 132296, 'category': 5, 'rating': 24}]"
80,119622,"[{'id': 130126, 'category': 1, 'rating': 9}, {'id': 132524, 'category': 2, 'rating': 2}, {'id': 132525, 'category': 6, 'rating': 29}, {'id': 132526, 'category': 4, 'rating': 20}, {'id': 132527, 'category': 7, 'rating': 35}, {'id': 132528, 'category': 5, 'rating': 24}]"
81,164867,"[{'id': 127941, 'category': 3, 'rating': 14}, {'id': 128250, 'category': 1, 'rating': 9}, {'id': 132307, 'category': 2, 'rating': 3}, {'id': 132308, 'category': 4, 'rating': 20}, {'id': 132309, 'category': 5, 'rating': 25}, {'id': 132310, 'category': 7, 'rating': 35}, {'id': 132599, 'category': 6, 'rating': 29}]"
82,173096,"[{'id': 128217, 'category': 1, 'rating': 11}, {'id': 129493, 'category': 6, 'rating': 32}, {'id': 129494, 'category': 4, 'rating': 20}, {'id': 132536, 'category': 2, 'rating': 4}, {'id': 132537, 'category': 7, 'rating': 37}, {'id': 145900, 'category': 3, 'rating': 15}]"
83,214505,"[{'id': 117723, 'category': 2, 'rating': 4}, {'id': 117724, 'category': 1, 'rating': 10}, {'id': 122810, 'category': 5, 'rating': 25}]"
84,214852,"[{'id': 126837, 'category': 1, 'rating': 10}, {'id': 126838, 'category': 2, 'rating': 4}]"
85,217181,"[{'id': 139334, 'category': 1, 'rating': 10}, {'id': 140790, 'category': 2, 'rating': 3}, {'id': 140791, 'category': 6, 'rating': 29}, {'id': 140792, 'category': 4, 'rating': 20}, {'id': 140793, 'category': 7, 'rating': 35}, {'id': 140794, 'category': 5, 'rating': 24}]"
86,240410,"[{'id': 128270, 'category': 1, 'rating': 10}, {'id': 129471, 'category': 2, 'rating': 3}]"
87,212710,"[{'id': 132572, 'category': 2, 'rating': 4}, {'id': 132573, 'category': 7, 'rating': 37}, {'id': 132574, 'category': 6, 'rating': 32}, {'id': 132575, 'category': 1, 'rating': 11}, {'id': 132576, 'category': 5, 'rating': 25}, {'id': 132577, 'category': 4, 'rating': 21}, {'id': 145884, 'category': 3, 'rating': 17}]"
88,233676,"[{'id': 117616, 'category': 1, 'rating': 10}, {'id': 117617, 'category': 2, 'rating': 4}, {'id': 117618, 'category': 7, 'rating': 35}, {'id': 130460, 'category': 5, 'rating': 25}, {'id': 140871, 'category': 3, 'rating': 14}, {'id': 142913, 'category': 4, 'rating': 20}]"
89,224705,"[{'id': 142912, 'category': 4, 'rating': 19}, {'id': 160051, 'category': 2, 'rating': 2}, {'id': 160355, 'category': 1, 'rating': 9}]"
90,145232,"[{'id': 114980, 'category': 1, 'rating': 8}, {'id': 114981, 'category': 2, 'rating': 1}, {'id': 117379, 'category': 7, 'rating': 34}, {'id': 117380, 'category': 5, 'rating': 23}, {'id': 127689, 'category': 4, 'rating': 18}, {'id': 133281, 'category': 3, 'rating': 13}, {'id': 133282, 'category': 6, 'rating': 28}]"
91,212664,"[{'id': 129552, 'category': 2, 'rating': 4}, {'id': 129553, 'category': 4, 'rating': 21}, {'id': 133695, 'category': 7, 'rating': 36}, {'id': 133696, 'category': 6, 'rating': 30}, {'id': 141289, 'category': 1, 'rating': 11}, {'id': 143316, 'category': 5, 'rating': 26}]"
92,216277,"[{'id': 120610, 'category': 1, 'rating': 10}, {'id': 130583, 'category': 2, 'rating': 3}, {'id': 134042, 'category': 5, 'rating': 23}]"
93,190478,"[{'id': 133686, 'category': 7, 'rating': 37}, {'id': 133687, 'category': 6, 'rating': 31}, {'id': 133689, 'category': 2, 'rating': 5}, {'id': 133690, 'category': 4, 'rating': 22}, {'id': 152939, 'category': 1, 'rating': 10}]"
94,152169,"[{'id': 88599, 'category': 1, 'rating': 6}, {'id': 133823, 'category': 5, 'rating': 26}, {'id': 142887, 'category': 4, 'rating': 21}]"
95,204540,"[{'id': 132127, 'category': 1, 'rating': 8}, {'id': 132282, 'category': 2, 'rating': 1}, {'id': 134031, 'category': 5, 'rating': 23}]"
96,234349,"[{'id': 119224, 'category': 2, 'rating': 2}, {'id': 130137, 'category': 1, 'rating': 9}, {'id': 140938, 'category': 3, 'rating': 14}]"
97,239612,"[{'id': 141479, 'category': 1, 'rating': 10}]"
98,206810,"[{'id': 86333, 'category': 1, 'rating': 9}, {'id': 114594, 'category': 2, 'rating': 3}]"
99,236124,"[{'id': 158271, 'category': 1, 'rating': 8}, {'id': 158407, 'category': 2, 'rating': 1}, {'id': 160685, 'category': 7, 'rating': 34}, {'id': 160686, 'category': 6, 'rating': 28}, {'id': 160687, 'category': 5, 'rating': 23}, {'id': 160688, 'category': 4, 'rating': 18}]"
100,191402,"[{'id': 77385, 'category': 5, 'rating': 23}, {'id': 102843, 'category': 2, 'rating': 1}, {'id': 157603, 'category': 1, 'rating': 8}]"
101,204621,"[{'id': 101807, 'category': 2, 'rating': 2}, {'id': 106388, 'category': 1, 'rating': 9}, {'id': 117582, 'category': 3, 'rating': 14}, {'id': 117681, 'category': 7, 'rating': 35}, {'id': 117682, 'category': 5, 'rating': 24}, {'id': 125378, 'category': 4, 'rating': 20}]"
102,214507,"[{'id': 128249, 'category': 1, 'rating': 10}, {'id': 134150, 'category': 5, 'rating': 23}, {'id': 134197, 'category': 7, 'rating': 36}, {'id': 134198, 'category': 2, 'rating': 3}, {'id': 134200, 'category': 4, 'rating': 20}, {'id': 134201, 'category': 6, 'rating': 30}]"
103,239302,"[{'id': 128656, 'category': 1, 'rating': 10}, {'id': 128703, 'category': 3, 'rating': 14}, {'id': 128988, 'category': 2, 'rating': 3}, {'id': 129535, 'category': 5, 'rating': 24}, {'id': 134184, 'category': 7, 'rating': 36}, {'id': 134185, 'category': 6, 'rating': 30}, {'id': 134186, 'category': 4, 'rating': 20}]"
104,214506,"[{'id': 134231, 'category': 5, 'rating': 23}, {'id': 134250, 'category': 1, 'rating': 9}, {'id': 134261, 'category': 2, 'rating': 1}, {'id': 134366, 'category': 7, 'rating': 35}, {'id': 134367, 'category': 6, 'rating': 28}, {'id': 134368, 'category': 4, 'rating': 19}]"
105,111090,"[{'id': 112934, 'category': 1, 'rating': 8}, {'id': 129044, 'category': 2, 'rating': 1}, {'id': 138607, 'category': 5, 'rating': 23}, {'id': 143077, 'category': 7, 'rating': 35}, {'id': 143078, 'category': 6, 'rating': 28}, {'id': 143079, 'category': 4, 'rating': 20}, {'id': 155843, 'category': 3, 'rating': 13}]"
106,141505,"[{'id': 31357, 'category': 2, 'rating': 5}, {'id': 62795, 'category': 1, 'rating': 11}, {'id': 119073, 'category': 5, 'rating': 25}, {'id': 134361, 'category': 3, 'rating': 16}, {'id': 134362, 'category': 2, 'rating': 4}, {'id': 134363, 'category': 6, 'rating': 32}, {'id': 134364, 'category': 4, 'rating': 22}, {'id': 134365, 'category': 7, 'rating': 37}]"
107,151780,"[{'id': 133671, 'category': 2, 'rating': 2}, {'id': 139351, 'category': 7, 'rating': 35}, {'id': 139352, 'category': 6, 'rating': 29}, {'id': 139353, 'category': 4, 'rating': 20}, {'id': 139354, 'category': 1, 'rating': 9}]"
108,166929,"[{'id': 133655, 'category': 2, 'rating': 3}, {'id': 133874, 'category': 1, 'rating': 10}, {'id': 140543, 'category': 5, 'rating': 24}]"
109,186528,"[{'id': 114082, 'category': 1, 'rating': 10}, {'id': 130070, 'category': 2, 'rating': 3}, {'id': 134328, 'category': 7, 'rating': 35}, {'id': 134330, 'category': 4, 'rating': 20}, {'id': 140882, 'category': 3, 'rating': 14}, {'id': 141779, 'category': 6, 'rating': 30}, {'id': 145498, 'category': 5, 'rating': 25}]"
110,7329,"[{'id': 128540, 'category': 5, 'rating': 26}, {'id': 130427, 'category': 1, 'rating': 11}, {'id': 130428, 'category': 2, 'rating': 5}, {'id': 130429, 'category': 4, 'rating': 22}, {'id': 130430, 'category': 6, 'rating': 33}, {'id': 130431, 'category': 7, 'rating': 38}]"
111,152360,"[{'id': 46740, 'category': 1, 'rating': 9}, {'id': 145354, 'category': 2, 'rating': 2}, {'id': 145355, 'category': 4, 'rating': 19}, {'id': 145356, 'category': 7, 'rating': 35}]"
112,217635,"[{'id': 133202, 'category': 7, 'rating': 35}, {'id': 133203, 'category': 2, 'rating': 2}, {'id': 133204, 'category': 6, 'rating': 28}, {'id': 133206, 'category': 4, 'rating': 19}, {'id': 133208, 'category': 1, 'rating': 9}, {'id': 134762, 'category': 5, 'rating': 23}]"
113,133208,"[{'id': 158342, 'category': 1, 'rating': 9}, {'id': 158573, 'category': 2, 'rating': 1}, {'id': 161035, 'category': 5, 'rating': 25}]"
114,185642,"[{'id': 134542, 'category': 1, 'rating': 9}, {'id': 134965, 'category': 5, 'rating': 25}, {'id': 135161, 'category': 7, 'rating': 35}, {'id': 135162, 'category': 2, 'rating': 2}, {'id': 135163, 'category': 4, 'rating': 20}, {'id': 135164, 'category': 6, 'rating': 30}, {'id': 140867, 'category': 3, 'rating': 14}]"
115,221060,"[{'id': 133861, 'category': 1, 'rating': 8}, {'id': 133954, 'category': 2, 'rating': 1}, {'id': 154685, 'category': 3, 'rating': 14}]"
116,233576,"[{'id': 117391, 'category': 7, 'rating': 36}, {'id': 122786, 'category': 4, 'rating': 20}, {'id': 135135, 'category': 6, 'rating': 29}, {'id': 135136, 'category': 5, 'rating': 23}, {'id': 135137, 'category': 2, 'rating': 3}, {'id': 152950, 'category': 1, 'rating': 9}]"
117,133866,"[{'id': 136958, 'category': 2, 'rating': 2}, {'id': 140149, 'category': 5, 'rating': 23}, {'id': 140169, 'category': 1, 'rating': 9}, {'id': 140170, 'category': 6, 'rating': 28}, {'id': 140171, 'category': 4, 'rating': 19}, {'id': 140172, 'category': 7, 'rating': 35}]"
118,152124,"[{'id': 120154, 'category': 1, 'rating': 11}, {'id': 135487, 'category': 5, 'rating': 25}, {'id': 135886, 'category': 7, 'rating': 37}, {'id': 135887, 'category': 2, 'rating': 5}, {'id': 135888, 'category': 4, 'rating': 21}, {'id': 135889, 'category': 6, 'rating': 32}, {'id': 140868, 'category': 3, 'rating': 16}]"
119,192439,"[{'id': 117051, 'category': 5, 'rating': 24}, {'id': 134411, 'category': 2, 'rating': 4}, {'id': 136145, 'category': 7, 'rating': 36}, {'id': 136146, 'category': 6, 'rating': 32}, {'id': 136147, 'category': 4, 'rating': 21}, {'id': 136148, 'category': 1, 'rating': 10}]"
120,204622,"[{'id': 134932, 'category': 7, 'rating': 36}, {'id': 134934, 'category': 6, 'rating': 31}, {'id': 134935, 'category': 4, 'rating': 21}, {'id': 134936, 'category': 1, 'rating': 10}, {'id': 135480, 'category': 2, 'rating': 4}, {'id': 135481, 'category': 5, 'rating': 24}]"
121,201156,"[{'id': 129863, 'category': 6, 'rating': 31}, {'id': 129864, 'category': 5, 'rating': 24}, {'id': 129865, 'category': 4, 'rating': 21}, {'id': 135890, 'category': 3, 'rating': 15}, {'id': 145554, 'category': 1, 'rating': 10}, {'id': 145555, 'category': 2, 'rating': 3}, {'id': 145556, 'category': 7, 'rating': 36}]"
122,152247,"[{'id': 135768, 'category': 1, 'rating': 11}, {'id': 136454, 'category': 7, 'rating': 37}, {'id': 136455, 'category': 4, 'rating': 21}, {'id': 136456, 'category': 2, 'rating': 5}, {'id': 136457, 'category': 6, 'rating': 32}, {'id': 136507, 'category': 5, 'rating': 26}, {'id': 140587, 'category': 3, 'rating': 17}]"
123,232571,"[{'id': 115065, 'category': 1, 'rating': 10}, {'id': 132660, 'category': 2, 'rating': 4}, {'id': 132781, 'category': 5, 'rating': 25}, {'id': 136445, 'category': 4, 'rating': 20}, {'id': 136446, 'category': 6, 'rating': 30}, {'id': 136447, 'category': 7, 'rating': 36}]"
124,204626,"[{'id': 133718, 'category': 7, 'rating': 35}, {'id': 133719, 'category': 2, 'rating': 2}, {'id': 133720, 'category': 6, 'rating': 29}, {'id': 133721, 'category': 4, 'rating': 20}, {'id': 133722, 'category': 1, 'rating': 9}, {'id': 137090, 'category': 5, 'rating': 24}]"
125,212737,"[{'id': 134096, 'category': 6, 'rating': 32}, {'id': 134097, 'category': 4, 'rating': 22}, {'id': 134098, 'category': 1, 'rating': 11}, {'id': 137092, 'category': 7, 'rating': 37}, {'id': 137094, 'category': 2, 'rating': 4}]"
126,215539,"[{'id': 136179, 'category': 7, 'rating': 35}, {'id': 136180, 'category': 2, 'rating': 2}, {'id': 136184, 'category': 4, 'rating': 20}, {'id': 138040, 'category': 1, 'rating': 9}, {'id': 138041, 'category': 6, 'rating': 29}, {'id': 138042, 'category': 5, 'rating': 24}]"
127,124468,"[{'id': 58080, 'category': 1, 'rating': 10}, {'id': 137837, 'category': 7, 'rating': 35}, {'id': 137838, 'category': 6, 'rating': 30}, {'id': 137839, 'category': 2, 'rating': 3}, {'id': 137840, 'category': 4, 'rating': 20}, {'id': 137841, 'category': 5, 'rating': 25}]"
128,212264,"[{'id': 134486, 'category': 7, 'rating': 36}, {'id': 134487, 'category': 6, 'rating': 31}, {'id': 134488, 'category': 4, 'rating': 21}, {'id': 134489, 'category': 5, 'rating': 24}, {'id': 134490, 'category': 1, 'rating': 10}, {'id': 138043, 'category': 2, 'rating': 3}]"
129,119388,"[{'id': 120901, 'category': 3, 'rating': 14}, {'id': 120927, 'category': 5, 'rating': 24}, {'id': 137869, 'category': 6, 'rating': 29}, {'id': 138145, 'category': 1, 'rating': 9}, {'id': 138146, 'category': 2, 'rating': 3}, {'id': 138147, 'category': 4, 'rating': 20}, {'id': 138148, 'category': 7, 'rating': 36}]"
130,122565,"[{'id': 126886, 'category': 1, 'rating': 9}, {'id': 126887, 'category': 2, 'rating': 2}]"
131,89994,"[{'id': 138494, 'category': 1, 'rating': 9}]"
132,232814,"[{'id': 132316, 'category': 2, 'rating': 2}, {'id': 133331, 'category': 1, 'rating': 8}, {'id': 139583, 'category': 5, 'rating': 23}]"
133,242493,"[{'id': 131737, 'category': 2, 'rating': 2}, {'id': 131738, 'category': 4, 'rating': 19}, {'id': 131990, 'category': 1, 'rating': 9}, {'id': 131991, 'category': 5, 'rating': 23}, {'id': 131992, 'category': 7, 'rating': 35}, {'id': 139708, 'category': 6, 'rating': 28}, {'id': 140590, 'category': 3, 'rating': 14}]"
134,249236,"[{'id': 137577, 'category': 2, 'rating': 2}, {'id': 138198, 'category': 1, 'rating': 9}, {'id': 139285, 'category': 7, 'rating': 35}, {'id': 139286, 'category': 6, 'rating': 29}, {'id': 139287, 'category': 5, 'rating': 24}, {'id': 139288, 'category': 4, 'rating': 20}]"
135,127354,"[{'id': 80727, 'category': 5, 'rating': 24}, {'id': 137836, 'category': 1, 'rating': 10}, {'id': 138127, 'category': 4, 'rating': 20}, {'id': 139917, 'category': 7, 'rating': 35}, {'id': 139918, 'category': 3, 'rating': 14}, {'id': 139919, 'category': 6, 'rating': 30}, {'id': 139920, 'category': 2, 'rating': 3}]"
136,152071,"[{'id': 74779, 'category': 1, 'rating': 9}, {'id': 139110, 'category': 7, 'rating': 35}, {'id': 139112, 'category': 6, 'rating': 29}, {'id': 139113, 'category': 4, 'rating': 19}, {'id': 139772, 'category': 2, 'rating': 4}, {'id': 139773, 'category': 5, 'rating': 23}]"
137,185255,"[{'id': 139043, 'category': 1, 'rating': 10}, {'id': 139763, 'category': 2, 'rating': 2}, {'id': 139764, 'category': 6, 'rating': 28}, {'id': 139765, 'category': 4, 'rating': 19}, {'id': 139766, 'category': 7, 'rating': 35}, {'id': 139767, 'category': 5, 'rating': 23}, {'id': 147065, 'category': 4, 'rating': 20}]"
138,203258,"[{'id': 133625, 'category': 1, 'rating': 11}, {'id': 139749, 'category': 4, 'rating': 21}, {'id': 139750, 'category': 7, 'rating': 37}, {'id': 139751, 'category': 5, 'rating': 25}, {'id': 147931, 'category': 3, 'rating': 17}, {'id': 156303, 'category': 6, 'rating': 31}, {'id': 159825, 'category': 5, 'rating': 26}, {'id': 162512, 'category': 2, 'rating': 5}]"
139,215033,"[{'id': 121234, 'category': 2, 'rating': 1}, {'id': 122292, 'category': 1, 'rating': 8}, {'id': 140896, 'category': 3, 'rating': 13}, {'id': 141320, 'category': 5, 'rating': 23}]"
140,228524,"[{'id': 133734, 'category': 1, 'rating': 10}, {'id': 139729, 'category': 6, 'rating': 30}, {'id': 139730, 'category': 3, 'rating': 15}, {'id': 139731, 'category': 4, 'rating': 20}, {'id': 139732, 'category': 7, 'rating': 36}, {'id': 139733, 'category': 2, 'rating': 3}, {'id': 139734, 'category': 5, 'rating': 25}]"
141,116584,"[{'id': 133751, 'category': 1, 'rating': 10}, {'id': 134809, 'category': 2, 'rating': 4}, {'id': 134810, 'category': 4, 'rating': 20}, {'id': 140158, 'category': 7, 'rating': 36}, {'id': 140160, 'category': 6, 'rating': 31}, {'id': 140179, 'category': 5, 'rating': 24}]"
142,133170,"[{'id': 137330, 'category': 1, 'rating': 10}, {'id': 137331, 'category': 2, 'rating': 2}, {'id': 137333, 'category': 6, 'rating': 29}, {'id': 137334, 'category': 4, 'rating': 20}, {'id': 137335, 'category': 7, 'rating': 35}, {'id': 137336, 'category': 5, 'rating': 23}]"
143,165389,"[{'id': 139934, 'category': 5, 'rating': 23}, {'id': 140189, 'category': 2, 'rating': 3}, {'id': 140191, 'category': 4, 'rating': 20}, {'id': 140192, 'category': 7, 'rating': 36}, {'id': 152891, 'category': 6, 'rating': 30}, {'id': 152892, 'category': 1, 'rating': 10}]"
144,215138,"[{'id': 135206, 'category': 1, 'rating': 9}, {'id': 140154, 'category': 5, 'rating': 25}, {'id': 140163, 'category': 6, 'rating': 29}, {'id': 140165, 'category': 7, 'rating': 35}, {'id': 147787, 'category': 2, 'rating': 3}, {'id': 152419, 'category': 4, 'rating': 18}]"
145,251251,"[{'id': 145527, 'category': 1, 'rating': 11}]"
146,204532,"[{'id': 135938, 'category': 1, 'rating': 8}, {'id': 136956, 'category': 2, 'rating': 1}, {'id': 138385, 'category': 5, 'rating': 23}, {'id': 147131, 'category': 7, 'rating': 34}, {'id': 147132, 'category': 6, 'rating': 28}, {'id': 147133, 'category': 4, 'rating': 18}]"
147,18375,"[{'id': 147051, 'category': 4, 'rating': 22}, {'id': 150757, 'category': 5, 'rating': 26}, {'id': 150758, 'category': 2, 'rating': 5}, {'id': 162742, 'category': 1, 'rating': 11}]"
148,202858,"[{'id': 136482, 'category': 2, 'rating': 1}, {'id': 136932, 'category': 1, 'rating': 8}, {'id': 137395, 'category': 5, 'rating': 23}, {'id': 140704, 'category': 7, 'rating': 34}, {'id': 140705, 'category': 3, 'rating': 13}, {'id': 140706, 'category': 6, 'rating': 28}, {'id': 140707, 'category': 4, 'rating': 18}]"
149,228537,"[{'id': 107777, 'category': 1, 'rating': 6}]"
150,114004,"[{'id': 141724, 'category': 7, 'rating': 36}, {'id': 141725, 'category': 2, 'rating': 2}, {'id': 141726, 'category': 6, 'rating': 29}, {'id': 141727, 'category': 4, 'rating': 20}, {'id': 141728, 'category': 5, 'rating': 25}, {'id': 141729, 'category': 1, 'rating': 10}]"
151,170888,"[{'id': 140233, 'category': 2, 'rating': 4}, {'id': 140352, 'category': 1, 'rating': 10}]"
152,124257,"[{'id': 133883, 'category': 1, 'rating': 10}, {'id': 140865, 'category': 3, 'rating': 15}, {'id': 140874, 'category': 5, 'rating': 26}, {'id': 141082, 'category': 7, 'rating': 36}, {'id': 141083, 'category': 2, 'rating': 3}, {'id': 141084, 'category': 4, 'rating': 21}, {'id': 141085, 'category': 6, 'rating': 30}]"
153,196655,"[{'id': 141074, 'category': 5, 'rating': 25}, {'id': 141075, 'category': 1, 'rating': 11}, {'id': 141076, 'category': 2, 'rating': 4}, {'id': 141077, 'category': 6, 'rating': 33}, {'id': 141078, 'category': 4, 'rating': 22}, {'id': 141079, 'category': 7, 'rating': 37}]"
154,236683,"[{'id': 120571, 'category': 2, 'rating': 3}, {'id': 120614, 'category': 1, 'rating': 10}, {'id': 120950, 'category': 3, 'rating': 14}]"
155,191692,"[{'id': 110337, 'category': 1, 'rating': 10}, {'id': 141191, 'category': 7, 'rating': 36}, {'id': 141192, 'category': 3, 'rating': 15}, {'id': 141193, 'category': 6, 'rating': 30}, {'id': 141194, 'category': 5, 'rating': 25}, {'id': 141195, 'category': 2, 'rating': 3}, {'id': 141196, 'category': 4, 'rating': 20}]"
156,228463,"[{'id': 120391, 'category': 3, 'rating': 13}, {'id': 120605, 'category': 1, 'rating': 8}, {'id': 134039, 'category': 5, 'rating': 23}, {'id': 141184, 'category': 7, 'rating': 34}, {'id': 141186, 'category': 6, 'rating': 28}, {'id': 141189, 'category': 2, 'rating': 1}, {'id': 141190, 'category': 4, 'rating': 18}]"
157,28295,"[{'id': 122540, 'category': 7, 'rating': 35}, {'id': 122541, 'category': 2, 'rating': 2}, {'id': 122542, 'category': 1, 'rating': 9}, {'id': 127475, 'category': 4, 'rating': 20}]"
158,125165,"[{'id': 115134, 'category': 2, 'rating': 5}, {'id': 141412, 'category': 3, 'rating': 17}, {'id': 141453, 'category': 7, 'rating': 37}, {'id': 141454, 'category': 6, 'rating': 33}, {'id': 141455, 'category': 1, 'rating': 11}, {'id': 141456, 'category': 5, 'rating': 26}, {'id': 141457, 'category': 4, 'rating': 21}]"
159,228258,"[{'id': 138349, 'category': 6, 'rating': 32}, {'id': 138350, 'category': 4, 'rating': 22}, {'id': 138351, 'category': 1, 'rating': 11}, {'id': 141416, 'category': 2, 'rating': 4}, {'id': 141417, 'category': 7, 'rating': 37}, {'id': 141418, 'category': 5, 'rating': 25}]"
160,234740,"[{'id': 139323, 'category': 1, 'rating': 10}, {'id': 141550, 'category': 5, 'rating': 24}, {'id': 141582, 'category': 7, 'rating': 36}, {'id': 141584, 'category': 2, 'rating': 4}, {'id': 141585, 'category': 4, 'rating': 21}, {'id': 143162, 'category': 6, 'rating': 31}]"
161,178073,"[{'id': 135517, 'category': 2, 'rating': 3}, {'id': 137236, 'category': 1, 'rating': 10}, {'id': 142527, 'category': 7, 'rating': 36}, {'id': 142528, 'category': 6, 'rating': 30}, {'id': 142529, 'category': 4, 'rating': 20}, {'id': 142530, 'category': 5, 'rating': 25}]"
162,235203,"[{'id': 141015, 'category': 2, 'rating': 4}, {'id': 141122, 'category': 1, 'rating': 10}, {'id': 142621, 'category': 5, 'rating': 25}]"
163,236662,"[{'id': 120616, 'category': 1, 'rating': 11}, {'id': 144074, 'category': 7, 'rating': 36}, {'id': 144075, 'category': 6, 'rating': 31}, {'id': 144076, 'category': 5, 'rating': 25}, {'id': 144077, 'category': 2, 'rating': 4}, {'id': 144078, 'category': 4, 'rating': 20}]"
164,196995,"[{'id': 142670, 'category': 1, 'rating': 11}, {'id': 147030, 'category': 2, 'rating': 4}, {'id': 147031, 'category': 6, 'rating': 31}, {'id': 147032, 'category': 4, 'rating': 21}, {'id': 147033, 'category': 7, 'rating': 36}, {'id': 147034, 'category': 5, 'rating': 25}]"
165,167270,"[{'id': 139220, 'category': 7, 'rating': 35}, {'id': 139221, 'category': 2, 'rating': 2}, {'id': 139222, 'category': 6, 'rating': 28}, {'id': 139224, 'category': 4, 'rating': 19}, {'id': 139225, 'category': 5, 'rating': 24}, {'id': 139228, 'category': 1, 'rating': 8}]"
166,204363,"[{'id': 91329, 'category': 3, 'rating': 15}, {'id': 139963, 'category': 7, 'rating': 36}, {'id': 139965, 'category': 6, 'rating': 31}, {'id': 139966, 'category': 4, 'rating': 21}, {'id': 139967, 'category': 1, 'rating': 11}, {'id': 142744, 'category': 2, 'rating': 4}, {'id': 142745, 'category': 5, 'rating': 25}]"
167,242384,"[{'id': 142580, 'category': 1, 'rating': 10}]"
168,165354,"[{'id': 142959, 'category': 7, 'rating': 34}, {'id': 142960, 'category': 3, 'rating': 13}, {'id': 142961, 'category': 5, 'rating': 23}, {'id': 142962, 'category': 2, 'rating': 2}, {'id': 142963, 'category': 4, 'rating': 18}, {'id': 142964, 'category': 6, 'rating': 29}, {'id': 145317, 'category': 1, 'rating': 8}]"
169,240558,"[{'id': 136936, 'category': 1, 'rating': 8}, {'id': 137182, 'category': 2, 'rating': 1}, {'id': 137184, 'category': 5, 'rating': 23}, {'id': 137185, 'category': 4, 'rating': 18}, {'id': 142755, 'category': 3, 'rating': 13}, {'id': 142939, 'category': 7, 'rating': 35}, {'id': 142940, 'category': 6, 'rating': 28}]"
170,204354,"[{'id': 134777, 'category': 1, 'rating': 11}, {'id': 137104, 'category': 2, 'rating': 4}, {'id': 137105, 'category': 4, 'rating': 21}, {'id': 143455, 'category': 5, 'rating': 25}, {'id': 143472, 'category': 7, 'rating': 37}, {'id': 143473, 'category': 6, 'rating': 32}]"
171,228540,"[{'id': 141296, 'category': 7, 'rating': 35}, {'id': 143492, 'category': 1, 'rating': 9}, {'id': 143493, 'category': 2, 'rating': 2}, {'id': 143495, 'category': 4, 'rating': 20}, {'id': 143496, 'category': 6, 'rating': 29}, {'id': 143497, 'category': 5, 'rating': 23}]"
172,126212,"[{'id': 151841, 'category': 1, 'rating': 11}, {'id': 154889, 'category': 7, 'rating': 38}, {'id': 154890, 'category': 2, 'rating': 5}, {'id': 154893, 'category': 6, 'rating': 33}, {'id': 154894, 'category': 4, 'rating': 22}]"
173,254343,"[{'id': 143598, 'category': 2, 'rating': 1}, {'id': 143963, 'category': 1, 'rating': 9}, {'id': 144257, 'category': 3, 'rating': 13}, {'id': 153829, 'category': 5, 'rating': 23}]"
174,31551,"[{'id': 110033, 'category': 1, 'rating': 11}, {'id': 143664, 'category': 2, 'rating': 5}, {'id': 143665, 'category': 3, 'rating': 16}, {'id': 143666, 'category': 4, 'rating': 21}, {'id': 143667, 'category': 5, 'rating': 26}, {'id': 143668, 'category': 6, 'rating': 32}, {'id': 143669, 'category': 7, 'rating': 37}]"
175,172454,"[{'id': 140637, 'category': 7, 'rating': 36}, {'id': 140639, 'category': 6, 'rating': 30}, {'id': 140640, 'category': 4, 'rating': 20}, {'id': 140641, 'category': 1, 'rating': 10}, {'id': 144057, 'category': 2, 'rating': 3}, {'id': 144058, 'category': 5, 'rating': 25}]"
176,242082,"[{'id': 130370, 'category': 2, 'rating': 2}, {'id': 130703, 'category': 1, 'rating': 10}, {'id': 131796, 'category': 7, 'rating': 36}, {'id': 131797, 'category': 6, 'rating': 29}, {'id': 131798, 'category': 4, 'rating': 21}, {'id': 143990, 'category': 5, 'rating': 24}]"
177,248295,"[{'id': 140358, 'category': 1, 'rating': 8}, {'id': 141028, 'category': 3, 'rating': 13}, {'id': 143336, 'category': 2, 'rating': 1}, {'id': 158023, 'category': 5, 'rating': 23}]"
178,209620,"[{'id': 100642, 'category': 2, 'rating': 2}, {'id': 155206, 'category': 1, 'rating': 9}, {'id': 156340, 'category': 6, 'rating': 28}, {'id': 156341, 'category': 4, 'rating': 19}, {'id': 156342, 'category': 7, 'rating': 35}, {'id': 156343, 'category': 5, 'rating': 23}]"
179,242923,"[{'id': 138844, 'category': 2, 'rating': 1}, {'id': 139344, 'category': 1, 'rating': 8}, {'id': 139594, 'category': 5, 'rating': 23}, {'id': 141029, 'category': 3, 'rating': 13}]"
180,145216,"[{'id': 144571, 'category': 5, 'rating': 25}, {'id': 144572, 'category': 7, 'rating': 36}, {'id': 144573, 'category': 6, 'rating': 30}, {'id': 144574, 'category': 2, 'rating': 4}, {'id': 144575, 'category': 4, 'rating': 21}, {'id': 144576, 'category': 1, 'rating': 10}, {'id': 145294, 'category': 3, 'rating': 15}]"
181,183617,"[{'id': 120948, 'category': 3, 'rating': 16}, {'id': 145501, 'category': 1, 'rating': 11}, {'id': 145502, 'category': 2, 'rating': 4}, {'id': 145503, 'category': 4, 'rating': 21}, {'id': 145504, 'category': 7, 'rating': 37}]"
182,236660,"[{'id': 120532, 'category': 4, 'rating': 19}, {'id': 120603, 'category': 1, 'rating': 10}, {'id': 129487, 'category': 5, 'rating': 24}, {'id': 140869, 'category': 3, 'rating': 14}, {'id': 144716, 'category': 7, 'rating': 35}, {'id': 144717, 'category': 6, 'rating': 29}, {'id': 144718, 'category': 2, 'rating': 3}]"
183,239381,"[{'id': 139901, 'category': 1, 'rating': 10}]"
184,145784,"[{'id': 45968, 'category': 1, 'rating': 10}, {'id': 134266, 'category': 2, 'rating': 3}, {'id': 134844, 'category': 5, 'rating': 25}]"
185,236698,"[{'id': 127749, 'category': 1, 'rating': 9}, {'id': 127750, 'category': 2, 'rating': 3}, {'id': 134843, 'category': 5, 'rating': 24}, {'id': 140918, 'category': 3, 'rating': 14}]"
186,106534,"[{'id': 146154, 'category': 1, 'rating': 9}, {'id': 146359, 'category': 2, 'rating': 1}, {'id': 146483, 'category': 7, 'rating': 34}, {'id': 146484, 'category': 6, 'rating': 29}, {'id': 146485, 'category': 4, 'rating': 20}, {'id': 150997, 'category': 5, 'rating': 23}, {'id': 160087, 'category': 3, 'rating': 13}]"
187,218213,"[{'id': 133937, 'category': 7, 'rating': 36}, {'id': 133939, 'category': 6, 'rating': 31}, {'id': 133940, 'category': 4, 'rating': 22}, {'id': 150780, 'category': 1, 'rating': 10}, {'id': 151660, 'category': 5, 'rating': 25}, {'id': 153572, 'category': 2, 'rating': 3}, {'id': 153573, 'category': 4, 'rating': 21}]"
188,242038,"[{'id': 141030, 'category': 3, 'rating': 14}, {'id': 143586, 'category': 2, 'rating': 1}, {'id': 143951, 'category': 1, 'rating': 9}]"
189,250466,"[{'id': 141769, 'category': 7, 'rating': 36}, {'id': 141770, 'category': 2, 'rating': 3}, {'id': 141771, 'category': 6, 'rating': 31}, {'id': 141772, 'category': 4, 'rating': 21}, {'id': 141773, 'category': 1, 'rating': 10}]"
190,254331,"[{'id': 143534, 'category': 1, 'rating': 8}, {'id': 143996, 'category': 5, 'rating': 23}, {'id': 144117, 'category': 2, 'rating': 1}]"
191,72767,"[{'id': 152604, 'category': 1, 'rating': 11}, {'id': 159524, 'category': 5, 'rating': 25}, {'id': 159547, 'category': 7, 'rating': 36}, {'id': 159548, 'category': 6, 'rating': 32}, {'id': 159549, 'category': 2, 'rating': 5}, {'id': 159550, 'category': 4, 'rating': 21}, {'id': 159565, 'category': 3, 'rating': 17}]"
192,194203,"[{'id': 129525, 'category': 1, 'rating': 11}, {'id': 146086, 'category': 3, 'rating': 16}, {'id': 146087, 'category': 5, 'rating': 25}, {'id': 146308, 'category': 7, 'rating': 36}, {'id': 146309, 'category': 6, 'rating': 31}, {'id': 146310, 'category': 2, 'rating': 4}, {'id': 146311, 'category': 4, 'rating': 20}]"
193,142549,"[{'id': 146851, 'category': 1, 'rating': 8}]"
194,252184,"[{'id': 141407, 'category': 1, 'rating': 11}, {'id': 146830, 'category': 7, 'rating': 38}, {'id': 146831, 'category': 6, 'rating': 32}, {'id': 146832, 'category': 2, 'rating': 5}, {'id': 146833, 'category': 4, 'rating': 22}]"
195,252437,"[{'id': 145644, 'category': 5, 'rating': 25}, {'id': 145806, 'category': 1, 'rating': 9}, {'id': 145829, 'category': 2, 'rating': 2}, {'id': 145917, 'category': 3, 'rating': 14}, {'id': 146911, 'category': 6, 'rating': 30}, {'id': 146912, 'category': 4, 'rating': 20}, {'id': 146913, 'category': 7, 'rating': 35}]"
196,214384,"[{'id': 153200, 'category': 7, 'rating': 35}, {'id': 153201, 'category': 2, 'rating': 3}, {'id': 153202, 'category': 6, 'rating': 29}, {'id': 153203, 'category': 4, 'rating': 19}, {'id': 153204, 'category': 1, 'rating': 9}]"
197,59843,"[{'id': 120569, 'category': 2, 'rating': 2}, {'id': 121115, 'category': 3, 'rating': 13}, {'id': 127656, 'category': 5, 'rating': 23}, {'id': 160919, 'category': 1, 'rating': 9}]"
198,228535,"[{'id': 134176, 'category': 1, 'rating': 11}, {'id': 141660, 'category': 2, 'rating': 5}, {'id': 144819, 'category': 5, 'rating': 25}, {'id': 144821, 'category': 4, 'rating': 21}, {'id': 147443, 'category': 3, 'rating': 17}, {'id': 147546, 'category': 7, 'rating': 36}, {'id': 147547, 'category': 6, 'rating': 32}]"
199,249540,"[{'id': 138143, 'category': 1, 'rating': 8}, {'id': 138144, 'category': 2, 'rating': 1}, {'id': 139254, 'category': 7, 'rating': 34}, {'id': 139255, 'category': 6, 'rating': 28}, {'id': 139256, 'category': 4, 'rating': 18}, {'id': 143994, 'category': 5, 'rating': 23}]"
200,18868,"[{'id': 160357, 'category': 1, 'rating': 9}, {'id': 160645, 'category': 2, 'rating': 2}, {'id': 160794, 'category': 5, 'rating': 25}, {'id': 160930, 'category': 6, 'rating': 29}, {'id': 160931, 'category': 4, 'rating': 20}, {'id': 160932, 'category': 7, 'rating': 35}]"
201,185239,"[{'id': 142051, 'category': 1, 'rating': 11}, {'id': 144753, 'category': 2, 'rating': 5}, {'id': 144754, 'category': 5, 'rating': 26}, {'id': 147606, 'category': 6, 'rating': 32}, {'id': 147608, 'category': 7, 'rating': 37}, {'id': 148916, 'category': 4, 'rating': 21}]"
202,213499,"[{'id': 144541, 'category': 2, 'rating': 1}, {'id': 144678, 'category': 1, 'rating': 8}, {'id': 145643, 'category': 5, 'rating': 23}]"
203,240141,"[{'id': 145285, 'category': 3, 'rating': 15}, {'id': 147932, 'category': 5, 'rating': 25}, {'id': 153589, 'category': 2, 'rating': 4}, {'id': 156074, 'category': 1, 'rating': 10}]"
204,248358,"[{'id': 142022, 'category': 1, 'rating': 9}, {'id': 147601, 'category': 7, 'rating': 36}, {'id': 147602, 'category': 2, 'rating': 3}, {'id': 147603, 'category': 4, 'rating': 20}, {'id': 147604, 'category': 6, 'rating': 29}, {'id': 147605, 'category': 5, 'rating': 24}, {'id': 147970, 'category': 3, 'rating': 14}]"
205,216278,"[{'id': 92114, 'category': 2, 'rating': 2}, {'id': 130110, 'category': 1, 'rating': 8}, {'id': 139578, 'category': 5, 'rating': 23}, {'id': 140778, 'category': 3, 'rating': 13}]"
206,238767,"[{'id': 133079, 'category': 7, 'rating': 35}, {'id': 133080, 'category': 2, 'rating': 2}, {'id': 133081, 'category': 6, 'rating': 29}, {'id': 133082, 'category': 4, 'rating': 20}, {'id': 133083, 'category': 1, 'rating': 9}]"
207,141704,"[{'id': 102046, 'category': 1, 'rating': 10}, {'id': 144129, 'category': 2, 'rating': 2}, {'id': 148051, 'category': 7, 'rating': 36}, {'id': 148052, 'category': 6, 'rating': 29}, {'id': 148053, 'category': 5, 'rating': 25}, {'id': 148054, 'category': 4, 'rating': 20}]"
208,218098,"[{'id': 154764, 'category': 1, 'rating': 11}, {'id': 155379, 'category': 2, 'rating': 5}]"
209,194466,"[{'id': 148770, 'category': 2, 'rating': 1}, {'id': 148933, 'category': 6, 'rating': 28}, {'id': 148934, 'category': 4, 'rating': 19}, {'id': 148935, 'category': 7, 'rating': 34}, {'id': 148936, 'category': 5, 'rating': 23}, {'id': 154584, 'category': 7, 'rating': 35}, {'id': 154585, 'category': 2, 'rating': 2}, {'id': 154586, 'category': 1, 'rating': 9}]"
210,244473,"[{'id': 147125, 'category': 1, 'rating': 9}, {'id': 148973, 'category': 2, 'rating': 2}, {'id': 149373, 'category': 5, 'rating': 23}]"
211,27933,"[{'id': 88673, 'category': 1, 'rating': 6}]"
212,194506,"[{'id': 148618, 'category': 1, 'rating': 10}, {'id': 148910, 'category': 2, 'rating': 3}, {'id': 149093, 'category': 7, 'rating': 35}, {'id': 149094, 'category': 6, 'rating': 29}, {'id': 149095, 'category': 4, 'rating': 20}, {'id': 149153, 'category': 5, 'rating': 25}]"
213,214409,"[{'id': 127935, 'category': 1, 'rating': 10}, {'id': 148566, 'category': 2, 'rating': 3}, {'id': 149157, 'category': 7, 'rating': 36}, {'id': 149158, 'category': 6, 'rating': 30}, {'id': 149159, 'category': 4, 'rating': 20}, {'id': 149519, 'category': 5, 'rating': 25}]"
214,261085,"[{'id': 149167, 'category': 3, 'rating': 16}, {'id': 149169, 'category': 5, 'rating': 26}, {'id': 149296, 'category': 7, 'rating': 37}, {'id': 149297, 'category': 2, 'rating': 5}, {'id': 149298, 'category': 4, 'rating': 22}, {'id': 149299, 'category': 6, 'rating': 33}, {'id': 149815, 'category': 1, 'rating': 11}]"
215,214397,"[{'id': 146973, 'category': 2, 'rating': 1}, {'id': 147121, 'category': 1, 'rating': 8}, {'id': 147163, 'category': 3, 'rating': 13}, {'id': 147177, 'category': 5, 'rating': 23}]"
216,245805,"[{'id': 149602, 'category': 1, 'rating': 10}, {'id': 159687, 'category': 2, 'rating': 3}, {'id': 160499, 'category': 5, 'rating': 25}]"
217,247578,"[{'id': 141678, 'category': 1, 'rating': 11}, {'id': 149552, 'category': 2, 'rating': 4}, {'id': 151075, 'category': 3, 'rating': 16}, {'id': 161049, 'category': 5, 'rating': 26}]"
218,146212,"[{'id': 142669, 'category': 1, 'rating': 10}, {'id': 149828, 'category': 7, 'rating': 36}, {'id': 149829, 'category': 2, 'rating': 5}, {'id': 149830, 'category': 4, 'rating': 22}, {'id': 149831, 'category': 5, 'rating': 26}, {'id': 149832, 'category': 6, 'rating': 31}]"
219,233307,"[{'id': 115432, 'category': 4, 'rating': 20}, {'id': 117387, 'category': 5, 'rating': 25}, {'id': 119991, 'category': 1, 'rating': 10}, {'id': 149811, 'category': 2, 'rating': 4}, {'id': 149999, 'category': 6, 'rating': 31}, {'id': 150000, 'category': 7, 'rating': 36}]"
220,240584,"[{'id': 141001, 'category': 1, 'rating': 10}]"
221,255877,"[{'id': 145799, 'category': 1, 'rating': 8}, {'id': 145823, 'category': 2, 'rating': 1}, {'id': 149113, 'category': 7, 'rating': 34}, {'id': 149117, 'category': 6, 'rating': 28}, {'id': 149119, 'category': 4, 'rating': 18}, {'id': 149447, 'category': 5, 'rating': 23}]"
222,257945,"[{'id': 147696, 'category': 7, 'rating': 34}, {'id': 147697, 'category': 2, 'rating': 1}, {'id': 147698, 'category': 6, 'rating': 28}, {'id': 147699, 'category': 4, 'rating': 18}, {'id': 147700, 'category': 1, 'rating': 8}, {'id': 149749, 'category': 5, 'rating': 23}]"
223,260735,"[{'id': 149074, 'category': 2, 'rating': 5}, {'id': 149257, 'category': 1, 'rating': 11}, {'id': 150138, 'category': 5, 'rating': 26}, {'id': 151078, 'category': 3, 'rating': 17}]"
224,135940,"[{'id': 151515, 'category': 1, 'rating': 10}, {'id': 151571, 'category': 7, 'rating': 36}, {'id': 151572, 'category': 6, 'rating': 31}, {'id': 151573, 'category': 5, 'rating': 25}, {'id': 151574, 'category': 2, 'rating': 3}, {'id': 151575, 'category': 4, 'rating': 20}]"
225,185238,"[{'id': 143026, 'category': 1, 'rating': 11}, {'id': 150001, 'category': 4, 'rating': 22}, {'id': 150002, 'category': 7, 'rating': 38}, {'id': 150003, 'category': 2, 'rating': 5}, {'id': 150004, 'category': 6, 'rating': 33}]"
226,204356,"[{'id': 149795, 'category': 2, 'rating': 4}, {'id': 149796, 'category': 6, 'rating': 31}, {'id': 149797, 'category': 4, 'rating': 22}, {'id': 149798, 'category': 1, 'rating': 11}]"
227,228531,"[{'id': 150089, 'category': 1, 'rating': 11}, {'id': 150090, 'category': 2, 'rating': 4}, {'id': 150262, 'category': 3, 'rating': 15}, {'id': 150263, 'category': 5, 'rating': 26}, {'id': 150264, 'category': 4, 'rating': 21}, {'id': 150265, 'category': 7, 'rating': 36}, {'id': 150546, 'category': 6, 'rating': 31}]"
228,143627,"[{'id': 147004, 'category': 2, 'rating': 4}, {'id': 147005, 'category': 6, 'rating': 32}, {'id': 147006, 'category': 4, 'rating': 22}, {'id': 147007, 'category': 1, 'rating': 11}]"
229,165390,"[{'id': 134228, 'category': 1, 'rating': 11}, {'id': 150661, 'category': 7, 'rating': 37}, {'id': 150662, 'category': 2, 'rating': 4}, {'id': 150663, 'category': 4, 'rating': 21}, {'id': 150664, 'category': 6, 'rating': 32}, {'id': 153707, 'category': 5, 'rating': 26}, {'id': 157999, 'category': 3, 'rating': 16}]"
230,215777,"[{'id': 146852, 'category': 1, 'rating': 10}]"
231,228542,"[{'id': 141548, 'category': 1, 'rating': 10}, {'id': 150699, 'category': 5, 'rating': 24}, {'id': 150710, 'category': 3, 'rating': 15}, {'id': 150844, 'category': 7, 'rating': 35}, {'id': 150845, 'category': 2, 'rating': 3}, {'id': 150846, 'category': 4, 'rating': 20}, {'id': 150847, 'category': 6, 'rating': 30}]"
232,252528,"[{'id': 159135, 'category': 2, 'rating': 4}, {'id': 159136, 'category': 6, 'rating': 32}, {'id': 159137, 'category': 4, 'rating': 21}, {'id': 159138, 'category': 1, 'rating': 11}]"
233,131890,"[{'id': 112940, 'category': 6, 'rating': 28}, {'id': 149969, 'category': 1, 'rating': 9}, {'id': 151195, 'category': 7, 'rating': 35}, {'id': 151196, 'category': 2, 'rating': 2}, {'id': 151197, 'category': 4, 'rating': 20}, {'id': 151254, 'category': 5, 'rating': 24}, {'id': 151525, 'category': 3, 'rating': 13}]"
234,134589,"[{'id': 151231, 'category': 1, 'rating': 10}]"
235,214402,"[{'id': 132178, 'category': 4, 'rating': 20}, {'id': 146870, 'category': 1, 'rating': 11}, {'id': 150927, 'category': 3, 'rating': 14}, {'id': 150931, 'category': 5, 'rating': 25}, {'id': 151159, 'category': 6, 'rating': 30}]"
236,229351,"[{'id': 150499, 'category': 1, 'rating': 11}, {'id': 159007, 'category': 4, 'rating': 21}]"
237,234121,"[{'id': 146866, 'category': 2, 'rating': 2}, {'id': 147120, 'category': 1, 'rating': 10}]"
238,236658,"[{'id': 139785, 'category': 2, 'rating': 1}, {'id': 140291, 'category': 1, 'rating': 8}, {'id': 141043, 'category': 3, 'rating': 13}, {'id': 141315, 'category': 5, 'rating': 23}]"
239,246262,"[{'id': 134466, 'category': 7, 'rating': 36}, {'id': 134469, 'category': 6, 'rating': 31}, {'id': 134472, 'category': 4, 'rating': 20}, {'id': 147038, 'category': 1, 'rating': 10}, {'id': 147176, 'category': 5, 'rating': 24}, {'id': 151198, 'category': 7, 'rating': 35}, {'id': 151199, 'category': 2, 'rating': 3}]"
240,245390,"[{'id': 149238, 'category': 1, 'rating': 9}, {'id': 150167, 'category': 3, 'rating': 14}, {'id': 150984, 'category': 5, 'rating': 24}, {'id': 151403, 'category': 2, 'rating': 3}, {'id': 151404, 'category': 4, 'rating': 20}, {'id': 151460, 'category': 7, 'rating': 35}, {'id': 151461, 'category': 6, 'rating': 29}]"
241,257055,"[{'id': 146723, 'category': 7, 'rating': 35}, {'id': 146725, 'category': 6, 'rating': 29}, {'id': 146726, 'category': 4, 'rating': 20}, {'id': 146727, 'category': 1, 'rating': 9}, {'id': 151479, 'category': 5, 'rating': 25}, {'id': 151480, 'category': 2, 'rating': 3}]"
242,198499,"[{'id': 134222, 'category': 2, 'rating': 2}, {'id': 134575, 'category': 1, 'rating': 9}, {'id': 151879, 'category': 7, 'rating': 35}, {'id': 151880, 'category': 6, 'rating': 28}, {'id': 151881, 'category': 4, 'rating': 19}]"
243,96437,"[{'id': 147316, 'category': 1, 'rating': 11}, {'id': 151509, 'category': 2, 'rating': 5}, {'id': 151863, 'category': 3, 'rating': 17}, {'id': 151871, 'category': 7, 'rating': 38}, {'id': 151872, 'category': 6, 'rating': 32}, {'id': 151873, 'category': 4, 'rating': 21}, {'id': 151874, 'category': 5, 'rating': 26}]"
244,217555,"[{'id': 142542, 'category': 2, 'rating': 2}, {'id': 142543, 'category': 5, 'rating': 24}, {'id': 142544, 'category': 4, 'rating': 19}, {'id': 142545, 'category': 1, 'rating': 9}]"
245,203367,"[{'id': 150824, 'category': 1, 'rating': 11}, {'id': 152720, 'category': 5, 'rating': 25}]"
246,227210,"[{'id': 147147, 'category': 6, 'rating': 31}, {'id': 147148, 'category': 4, 'rating': 21}, {'id': 149855, 'category': 1, 'rating': 10}, {'id': 152452, 'category': 7, 'rating': 36}, {'id': 152453, 'category': 6, 'rating': 30}, {'id': 152454, 'category': 5, 'rating': 25}, {'id': 152455, 'category': 2, 'rating': 4}]"
247,200900,"[{'id': 71562, 'category': 1, 'rating': 10}, {'id': 151849, 'category': 2, 'rating': 4}, {'id': 153259, 'category': 3, 'rating': 15}, {'id': 153836, 'category': 5, 'rating': 25}]"
248,206807,"[{'id': 76724, 'category': 1, 'rating': 9}, {'id': 134024, 'category': 5, 'rating': 23}, {'id': 140891, 'category': 3, 'rating': 13}, {'id': 152613, 'category': 2, 'rating': 2}, {'id': 152614, 'category': 4, 'rating': 19}, {'id': 152615, 'category': 7, 'rating': 35}, {'id': 152616, 'category': 6, 'rating': 29}]"
249,77338,"[{'id': 147632, 'category': 1, 'rating': 11}, {'id': 153326, 'category': 7, 'rating': 37}, {'id': 153327, 'category': 4, 'rating': 22}, {'id': 153328, 'category': 2, 'rating': 4}, {'id': 153329, 'category': 6, 'rating': 33}, {'id': 153330, 'category': 5, 'rating': 25}]"
250,143004,"[{'id': 151842, 'category': 1, 'rating': 10}, {'id': 152821, 'category': 2, 'rating': 3}, {'id': 152822, 'category': 6, 'rating': 29}, {'id': 152823, 'category': 4, 'rating': 21}, {'id': 152824, 'category': 7, 'rating': 36}, {'id': 152825, 'category': 5, 'rating': 24}]"
251,236711,"[{'id': 120665, 'category': 2, 'rating': 3}, {'id': 146401, 'category': 3, 'rating': 14}, {'id': 147285, 'category': 5, 'rating': 24}, {'id': 147739, 'category': 1, 'rating': 10}]"
252,237603,"[{'id': 152271, 'category': 5, 'rating': 25}, {'id': 152296, 'category': 3, 'rating': 14}, {'id': 152992, 'category': 1, 'rating': 9}, {'id': 152993, 'category': 2, 'rating': 3}, {'id': 152994, 'category': 6, 'rating': 30}, {'id': 152995, 'category': 4, 'rating': 20}, {'id': 152996, 'category': 7, 'rating': 35}]"
253,148241,"[{'id': 142055, 'category': 1, 'rating': 11}, {'id': 153126, 'category': 3, 'rating': 16}, {'id': 153127, 'category': 5, 'rating': 26}, {'id': 153128, 'category': 7, 'rating': 37}, {'id': 153129, 'category': 2, 'rating': 4}, {'id': 153130, 'category': 4, 'rating': 21}, {'id': 153131, 'category': 6, 'rating': 31}]"
254,239392,"[{'id': 142783, 'category': 1, 'rating': 11}, {'id': 148567, 'category': 2, 'rating': 5}, {'id': 152920, 'category': 4, 'rating': 22}, {'id': 153359, 'category': 7, 'rating': 38}, {'id': 153360, 'category': 6, 'rating': 33}]"
255,137989,"[{'id': 153548, 'category': 1, 'rating': 8}, {'id': 153549, 'category': 2, 'rating': 1}, {'id': 153550, 'category': 6, 'rating': 28}, {'id': 153551, 'category': 4, 'rating': 19}, {'id': 153552, 'category': 7, 'rating': 34}, {'id': 153553, 'category': 5, 'rating': 23}]"
256,196769,"[{'id': 159460, 'category': 1, 'rating': 9}]"
257,27270,"[{'id': 142164, 'category': 4, 'rating': 22}, {'id': 142165, 'category': 1, 'rating': 11}, {'id': 148981, 'category': 5, 'rating': 26}, {'id': 153544, 'category': 7, 'rating': 37}, {'id': 153545, 'category': 2, 'rating': 5}, {'id': 153546, 'category': 3, 'rating': 17}, {'id': 153547, 'category': 6, 'rating': 33}]"
258,166324,"[{'id': 148523, 'category': 1, 'rating': 11}]"
259,178127,"[{'id': 147928, 'category': 1, 'rating': 9}, {'id': 153457, 'category': 7, 'rating': 35}, {'id': 153458, 'category': 2, 'rating': 2}, {'id': 153459, 'category': 6, 'rating': 29}, {'id': 153460, 'category': 4, 'rating': 20}]"
260,49514,"[{'id': 151533, 'category': 1, 'rating': 8}, {'id': 151847, 'category': 2, 'rating': 1}, {'id': 155094, 'category': 5, 'rating': 23}, {'id': 157777, 'category': 6, 'rating': 28}, {'id': 157778, 'category': 4, 'rating': 19}, {'id': 157779, 'category': 7, 'rating': 34}]"
261,133454,"[{'id': 149018, 'category': 1, 'rating': 8}, {'id': 149767, 'category': 2, 'rating': 1}, {'id': 150044, 'category': 5, 'rating': 23}, {'id': 154143, 'category': 7, 'rating': 34}, {'id': 154144, 'category': 6, 'rating': 28}, {'id': 154145, 'category': 4, 'rating': 18}]"
262,151788,"[{'id': 154146, 'category': 1, 'rating': 11}, {'id': 154147, 'category': 2, 'rating': 5}, {'id': 154148, 'category': 6, 'rating': 33}, {'id': 154149, 'category': 4, 'rating': 22}, {'id': 154150, 'category': 7, 'rating': 37}, {'id': 154151, 'category': 5, 'rating': 25}]"
263,228855,"[{'id': 149551, 'category': 2, 'rating': 1}, {'id': 150072, 'category': 1, 'rating': 8}, {'id': 150985, 'category': 5, 'rating': 23}, {'id': 154170, 'category': 7, 'rating': 34}, {'id': 154171, 'category': 6, 'rating': 28}, {'id': 154172, 'category': 4, 'rating': 18}]"
264,252175,"[{'id': 147891, 'category': 1, 'rating': 8}, {'id': 148063, 'category': 2, 'rating': 1}, {'id': 154928, 'category': 7, 'rating': 34}, {'id': 154929, 'category': 4, 'rating': 18}, {'id': 154930, 'category': 6, 'rating': 28}, {'id': 154931, 'category': 5, 'rating': 23}, {'id': 158000, 'category': 3, 'rating': 13}]"
265,137928,"[{'id': 140522, 'category': 1, 'rating': 10}, {'id': 150139, 'category': 5, 'rating': 24}, {'id': 150168, 'category': 3, 'rating': 14}, {'id': 154421, 'category': 7, 'rating': 36}, {'id': 154422, 'category': 6, 'rating': 30}, {'id': 154423, 'category': 2, 'rating': 3}, {'id': 154424, 'category': 4, 'rating': 20}]"
266,246622,"[{'id': 146469, 'category': 7, 'rating': 34}, {'id': 146470, 'category': 2, 'rating': 1}, {'id': 146471, 'category': 6, 'rating': 28}, {'id': 146472, 'category': 4, 'rating': 18}, {'id': 146473, 'category': 1, 'rating': 8}, {'id': 151659, 'category': 5, 'rating': 23}]"
267,254330,"[{'id': 143533, 'category': 1, 'rating': 9}, {'id': 153100, 'category': 2, 'rating': 3}, {'id': 153101, 'category': 3, 'rating': 13}, {'id': 158027, 'category': 5, 'rating': 23}]"
268,264500,"[{'id': 151548, 'category': 1, 'rating': 8}, {'id': 154686, 'category': 2, 'rating': 1}, {'id': 155048, 'category': 5, 'rating': 23}, {'id': 155502, 'category': 7, 'rating': 34}, {'id': 155503, 'category': 4, 'rating': 19}, {'id': 156554, 'category': 6, 'rating': 28}]"
269,204627,"[{'id': 144611, 'category': 1, 'rating': 8}, {'id': 154104, 'category': 3, 'rating': 13}, {'id': 154840, 'category': 4, 'rating': 19}, {'id': 154841, 'category': 5, 'rating': 23}, {'id': 154843, 'category': 7, 'rating': 35}, {'id': 154845, 'category': 2, 'rating': 2}, {'id': 154847, 'category': 6, 'rating': 28}]"
270,229919,"[{'id': 144024, 'category': 3, 'rating': 15}, {'id': 147621, 'category': 1, 'rating': 10}, {'id': 147942, 'category': 5, 'rating': 25}, {'id': 147951, 'category': 2, 'rating': 4}]"
271,256092,"[{'id': 146163, 'category': 1, 'rating': 8}, {'id': 146381, 'category': 3, 'rating': 13}, {'id': 149076, 'category': 4, 'rating': 20}, {'id': 149307, 'category': 6, 'rating': 28}, {'id': 149308, 'category': 7, 'rating': 34}, {'id': 149309, 'category': 5, 'rating': 23}, {'id': 149310, 'category': 2, 'rating': 1}]"
272,240893,"[{'id': 154905, 'category': 2, 'rating': 3}, {'id': 154906, 'category': 1, 'rating': 10}, {'id': 154907, 'category': 6, 'rating': 30}, {'id': 154908, 'category': 4, 'rating': 21}, {'id': 154909, 'category': 7, 'rating': 36}, {'id': 154910, 'category': 5, 'rating': 25}]"
273,190197,"[{'id': 153399, 'category': 2, 'rating': 4}, {'id': 153400, 'category': 6, 'rating': 32}, {'id': 153401, 'category': 4, 'rating': 22}, {'id': 153402, 'category': 1, 'rating': 11}]"
274,249972,"[{'id': 140007, 'category': 7, 'rating': 34}, {'id': 140009, 'category': 6, 'rating': 28}, {'id': 155126, 'category': 5, 'rating': 23}, {'id': 155127, 'category': 2, 'rating': 2}, {'id': 155128, 'category': 4, 'rating': 19}, {'id': 156564, 'category': 1, 'rating': 8}]"
275,191401,"[{'id': 91081, 'category': 1, 'rating': 10}, {'id': 152906, 'category': 2, 'rating': 3}]"
276,215060,"[{'id': 153300, 'category': 4, 'rating': 21}, {'id': 153301, 'category': 5, 'rating': 26}, {'id': 155148, 'category': 3, 'rating': 17}, {'id': 155150, 'category': 6, 'rating': 32}, {'id': 162873, 'category': 1, 'rating': 11}, {'id': 162874, 'category': 2, 'rating': 5}, {'id': 162875, 'category': 7, 'rating': 37}]"
277,241149,"[{'id': 152905, 'category': 2, 'rating': 2}, {'id': 153070, 'category': 5, 'rating': 23}, {'id': 153871, 'category': 1, 'rating': 10}]"
278,250419,"[{'id': 139520, 'category': 7, 'rating': 35}, {'id': 139521, 'category': 2, 'rating': 2}, {'id': 139522, 'category': 6, 'rating': 29}, {'id': 139523, 'category': 4, 'rating': 20}, {'id': 155047, 'category': 5, 'rating': 25}, {'id': 155144, 'category': 1, 'rating': 10}]"
279,128307,"[{'id': 143536, 'category': 1, 'rating': 8}, {'id': 143589, 'category': 2, 'rating': 2}, {'id': 144000, 'category': 5, 'rating': 23}, {'id': 144253, 'category': 3, 'rating': 13}]"
280,78511,"[{'id': 155107, 'category': 1, 'rating': 8}, {'id': 155390, 'category': 5, 'rating': 23}, {'id': 155492, 'category': 3, 'rating': 13}, {'id': 155569, 'category': 6, 'rating': 28}, {'id': 155571, 'category': 2, 'rating': 1}, {'id': 155572, 'category': 4, 'rating': 18}, {'id': 155574, 'category': 7, 'rating': 34}]"
281,260011,"[{'id': 148609, 'category': 1, 'rating': 8}, {'id': 155570, 'category': 7, 'rating': 35}, {'id': 155573, 'category': 2, 'rating': 2}, {'id': 155575, 'category': 4, 'rating': 19}, {'id': 155576, 'category': 6, 'rating': 28}, {'id': 155577, 'category': 5, 'rating': 23}]"
282,250531,"[{'id': 152575, 'category': 1, 'rating': 10}, {'id': 152576, 'category': 5, 'rating': 24}, {'id': 152577, 'category': 2, 'rating': 4}, {'id': 152578, 'category': 4, 'rating': 20}]"
283,255878,"[{'id': 153063, 'category': 5, 'rating': 24}, {'id': 153271, 'category': 3, 'rating': 14}, {'id': 153864, 'category': 1, 'rating': 9}, {'id': 155191, 'category': 2, 'rating': 2}]"
284,258160,"[{'id': 149814, 'category': 1, 'rating': 9}, {'id': 156883, 'category': 5, 'rating': 23}, {'id': 156884, 'category': 6, 'rating': 28}, {'id': 156885, 'category': 4, 'rating': 19}, {'id': 156886, 'category': 7, 'rating': 35}, {'id': 156887, 'category': 2, 'rating': 2}]"
285,266776,"[{'id': 155224, 'category': 1, 'rating': 9}, {'id': 155856, 'category': 5, 'rating': 25}, {'id': 156207, 'category': 2, 'rating': 2}, {'id': 156208, 'category': 6, 'rating': 30}, {'id': 156209, 'category': 4, 'rating': 20}, {'id': 156210, 'category': 7, 'rating': 35}]"
286,269204,"[{'id': 154608, 'category': 1, 'rating': 8}, {'id': 155061, 'category': 2, 'rating': 1}]"
287,21593,"[{'id': 150750, 'category': 1, 'rating': 11}, {'id': 150751, 'category': 2, 'rating': 5}, {'id': 150752, 'category': 4, 'rating': 21}, {'id': 156223, 'category': 7, 'rating': 37}, {'id': 156224, 'category': 6, 'rating': 33}, {'id': 157459, 'category': 3, 'rating': 17}, {'id': 158940, 'category': 5, 'rating': 26}]"
288,252478,"[{'id': 150405, 'category': 2, 'rating': 1}, {'id': 150406, 'category': 6, 'rating': 28}, {'id': 150407, 'category': 5, 'rating': 23}, {'id': 150408, 'category': 4, 'rating': 19}, {'id': 151085, 'category': 3, 'rating': 13}, {'id': 157354, 'category': 1, 'rating': 8}, {'id': 162725, 'category': 7, 'rating': 34}]"
289,257674,"[{'id': 154601, 'category': 1, 'rating': 10}, {'id': 156370, 'category': 5, 'rating': 23}, {'id': 156527, 'category': 7, 'rating': 36}, {'id': 156528, 'category': 4, 'rating': 20}, {'id': 156530, 'category': 2, 'rating': 3}, {'id': 156532, 'category': 6, 'rating': 30}]"
290,228522,"[{'id': 149812, 'category': 1, 'rating': 10}, {'id': 156657, 'category': 2, 'rating': 3}, {'id': 156658, 'category': 6, 'rating': 30}, {'id': 156659, 'category': 4, 'rating': 20}, {'id': 156660, 'category': 7, 'rating': 36}, {'id': 156661, 'category': 5, 'rating': 25}]"
291,109970,"[{'id': 114993, 'category': 1, 'rating': 10}, {'id': 115066, 'category': 5, 'rating': 24}, {'id': 127687, 'category': 4, 'rating': 20}, {'id': 156822, 'category': 7, 'rating': 36}, {'id': 156823, 'category': 3, 'rating': 14}, {'id': 156824, 'category': 2, 'rating': 3}, {'id': 156825, 'category': 6, 'rating': 30}]"
292,216282,"[{'id': 152099, 'category': 1, 'rating': 9}, {'id': 152269, 'category': 5, 'rating': 23}, {'id': 152403, 'category': 2, 'rating': 2}, {'id': 156831, 'category': 6, 'rating': 29}, {'id': 156832, 'category': 4, 'rating': 20}, {'id': 156833, 'category': 7, 'rating': 35}]"
293,243869,"[{'id': 153749, 'category': 7, 'rating': 36}, {'id': 153750, 'category': 2, 'rating': 3}, {'id': 153751, 'category': 6, 'rating': 31}, {'id': 153752, 'category': 4, 'rating': 20}, {'id': 157073, 'category': 5, 'rating': 25}, {'id': 157308, 'category': 1, 'rating': 10}]"
294,250890,"[{'id': 153368, 'category': 1, 'rating': 10}, {'id': 156817, 'category': 2, 'rating': 3}, {'id': 156818, 'category': 7, 'rating': 36}, {'id': 156819, 'category': 4, 'rating': 20}, {'id': 156820, 'category': 6, 'rating': 30}, {'id': 156821, 'category': 5, 'rating': 25}]"
295,251471,"[{'id': 140954, 'category': 1, 'rating': 8}, {'id': 146456, 'category': 2, 'rating': 1}, {'id': 146457, 'category': 4, 'rating': 18}, {'id': 153819, 'category': 5, 'rating': 23}, {'id': 154100, 'category': 3, 'rating': 13}, {'id': 156834, 'category': 7, 'rating': 35}, {'id': 156835, 'category': 6, 'rating': 28}]"
296,251565,"[{'id': 140987, 'category': 2, 'rating': 5}, {'id': 157827, 'category': 1, 'rating': 10}]"
297,127044,"[{'id': 152947, 'category': 4, 'rating': 21}, {'id': 162798, 'category': 1, 'rating': 10}, {'id': 162799, 'category': 2, 'rating': 4}, {'id': 162800, 'category': 3, 'rating': 15}, {'id': 162801, 'category': 7, 'rating': 36}]"
298,254339,"[{'id': 144250, 'category': 3, 'rating': 13}, {'id': 145612, 'category': 5, 'rating': 23}, {'id': 147750, 'category': 6, 'rating': 28}, {'id': 157355, 'category': 1, 'rating': 8}, {'id': 157357, 'category': 7, 'rating': 34}, {'id': 162723, 'category': 2, 'rating': 1}, {'id': 162724, 'category': 4, 'rating': 19}]"
299,204460,"[{'id': 150535, 'category': 7, 'rating': 36}, {'id': 150536, 'category': 2, 'rating': 3}, {'id': 150537, 'category': 6, 'rating': 30}, {'id': 150538, 'category': 4, 'rating': 21}, {'id': 150539, 'category': 5, 'rating': 24}, {'id': 158474, 'category': 1, 'rating': 10}]"
300,240902,"[{'id': 128503, 'category': 2, 'rating': 1}, {'id': 142671, 'category': 1, 'rating': 8}]"
301,250635,"[{'id': 143571, 'category': 1, 'rating': 11}, {'id': 155748, 'category': 4, 'rating': 21}, {'id': 155749, 'category': 7, 'rating': 37}, {'id': 156271, 'category': 5, 'rating': 26}, {'id': 157381, 'category': 2, 'rating': 5}, {'id': 157382, 'category': 3, 'rating': 16}, {'id': 157383, 'category': 6, 'rating': 33}]"
302,250617,"[{'id': 144779, 'category': 1, 'rating': 11}, {'id': 156504, 'category': 2, 'rating': 5}, {'id': 156505, 'category': 4, 'rating': 22}, {'id': 157664, 'category': 6, 'rating': 33}, {'id': 157665, 'category': 5, 'rating': 26}, {'id': 157666, 'category': 7, 'rating': 37}]"
303,255901,"[{'id': 151968, 'category': 1, 'rating': 11}, {'id': 151969, 'category': 2, 'rating': 4}, {'id': 157302, 'category': 5, 'rating': 26}, {'id': 157671, 'category': 3, 'rating': 15}, {'id': 157787, 'category': 7, 'rating': 37}, {'id': 157789, 'category': 6, 'rating': 31}, {'id': 157792, 'category': 4, 'rating': 22}]"
304,185246,"[{'id': 140139, 'category': 1, 'rating': 11}, {'id': 153699, 'category': 5, 'rating': 26}, {'id': 153700, 'category': 4, 'rating': 22}, {'id': 156966, 'category': 2, 'rating': 5}, {'id': 157770, 'category': 3, 'rating': 17}, {'id': 157771, 'category': 6, 'rating': 33}, {'id': 157772, 'category': 7, 'rating': 38}]"
305,132226,"[{'id': 150500, 'category': 1, 'rating': 11}]"
306,137243,"[{'id': 158162, 'category': 1, 'rating': 10}, {'id': 158163, 'category': 2, 'rating': 3}, {'id': 158164, 'category': 6, 'rating': 31}, {'id': 158165, 'category': 4, 'rating': 21}, {'id': 158166, 'category': 7, 'rating': 36}, {'id': 158167, 'category': 5, 'rating': 25}]"
307,252788,"[{'id': 143975, 'category': 1, 'rating': 9}, {'id': 155054, 'category': 2, 'rating': 2}, {'id': 155075, 'category': 5, 'rating': 25}, {'id': 158173, 'category': 6, 'rating': 28}, {'id': 158174, 'category': 4, 'rating': 19}, {'id': 158175, 'category': 7, 'rating': 35}]"
308,252836,"[{'id': 150516, 'category': 1, 'rating': 8}, {'id': 150696, 'category': 2, 'rating': 1}, {'id': 157939, 'category': 5, 'rating': 23}, {'id': 158159, 'category': 6, 'rating': 28}, {'id': 158160, 'category': 4, 'rating': 18}, {'id': 158161, 'category': 7, 'rating': 34}]"
309,264412,"[{'id': 151820, 'category': 2, 'rating': 1}, {'id': 151844, 'category': 1, 'rating': 8}, {'id': 152057, 'category': 7, 'rating': 34}, {'id': 152058, 'category': 6, 'rating': 28}, {'id': 152059, 'category': 5, 'rating': 23}, {'id': 152060, 'category': 4, 'rating': 18}, {'id': 158470, 'category': 3, 'rating': 13}]"
310,182190,"[{'id': 52192, 'category': 2, 'rating': 3}, {'id': 54303, 'category': 1, 'rating': 9}, {'id': 106671, 'category': 5, 'rating': 23}, {'id': 153264, 'category': 3, 'rating': 14}]"
311,256001,"[{'id': 154596, 'category': 1, 'rating': 8}, {'id': 155053, 'category': 2, 'rating': 1}, {'id': 156270, 'category': 5, 'rating': 23}, {'id': 156331, 'category': 3, 'rating': 13}, {'id': 158236, 'category': 7, 'rating': 34}, {'id': 158237, 'category': 4, 'rating': 18}, {'id': 158238, 'category': 6, 'rating': 28}]"
312,79864,"[{'id': 156500, 'category': 7, 'rating': 34}, {'id': 156502, 'category': 4, 'rating': 19}, {'id': 156503, 'category': 1, 'rating': 9}, {'id': 158333, 'category': 5, 'rating': 23}, {'id': 158459, 'category': 2, 'rating': 3}, {'id': 158460, 'category': 6, 'rating': 28}, {'id': 158505, 'category': 3, 'rating': 13}]"
313,154775,"[{'id': 153811, 'category': 4, 'rating': 22}, {'id': 158319, 'category': 6, 'rating': 33}, {'id': 159065, 'category': 5, 'rating': 26}, {'id': 162828, 'category': 1, 'rating': 11}, {'id': 162829, 'category': 2, 'rating': 5}, {'id': 162830, 'category': 7, 'rating': 38}]"
314,185240,"[{'id': 155837, 'category': 1, 'rating': 10}, {'id': 157936, 'category': 2, 'rating': 3}, {'id': 158335, 'category': 5, 'rating': 25}, {'id': 158448, 'category': 4, 'rating': 19}, {'id': 158449, 'category': 7, 'rating': 35}, {'id': 158450, 'category': 6, 'rating': 30}, {'id': 158582, 'category': 3, 'rating': 15}]"
315,236659,"[{'id': 144249, 'category': 3, 'rating': 13}, {'id': 147740, 'category': 1, 'rating': 8}, {'id': 150392, 'category': 2, 'rating': 1}, {'id': 150981, 'category': 5, 'rating': 23}]"
316,250172,"[{'id': 139998, 'category': 6, 'rating': 28}, {'id': 139999, 'category': 4, 'rating': 19}, {'id': 155332, 'category': 1, 'rating': 9}, {'id': 155858, 'category': 5, 'rating': 23}, {'id': 158292, 'category': 7, 'rating': 35}, {'id': 158293, 'category': 2, 'rating': 2}]"
317,251557,"[{'id': 141364, 'category': 1, 'rating': 8}, {'id': 141365, 'category': 2, 'rating': 1}, {'id': 141366, 'category': 3, 'rating': 13}, {'id': 141367, 'category': 4, 'rating': 18}, {'id': 141368, 'category': 5, 'rating': 23}, {'id': 141369, 'category': 6, 'rating': 28}, {'id': 141370, 'category': 7, 'rating': 34}]"
318,254337,"[{'id': 144023, 'category': 3, 'rating': 14}, {'id': 146047, 'category': 1, 'rating': 10}, {'id': 153071, 'category': 5, 'rating': 24}, {'id': 153593, 'category': 2, 'rating': 3}]"
319,244457,"[{'id': 156063, 'category': 1, 'rating': 9}, {'id': 158456, 'category': 4, 'rating': 20}, {'id': 158457, 'category': 7, 'rating': 35}, {'id': 158458, 'category': 5, 'rating': 23}, {'id': 159195, 'category': 2, 'rating': 2}, {'id': 159196, 'category': 6, 'rating': 29}]"
320,254341,"[{'id': 146342, 'category': 3, 'rating': 13}, {'id': 148726, 'category': 5, 'rating': 23}, {'id': 162718, 'category': 1, 'rating': 9}, {'id': 162719, 'category': 2, 'rating': 2}, {'id': 162720, 'category': 4, 'rating': 19}, {'id': 162721, 'category': 6, 'rating': 28}, {'id': 162722, 'category': 7, 'rating': 35}]"
321,138906,"[{'id': 157171, 'category': 2, 'rating': 4}, {'id': 157805, 'category': 1, 'rating': 11}, {'id': 158429, 'category': 5, 'rating': 25}, {'id': 158612, 'category': 7, 'rating': 36}, {'id': 158613, 'category': 4, 'rating': 20}, {'id': 158614, 'category': 6, 'rating': 30}]"
322,259206,"[{'id': 158192, 'category': 1, 'rating': 9}, {'id': 158621, 'category': 5, 'rating': 23}, {'id': 158656, 'category': 2, 'rating': 2}, {'id': 158657, 'category': 7, 'rating': 35}, {'id': 158658, 'category': 4, 'rating': 20}, {'id': 158659, 'category': 6, 'rating': 29}]"
323,261154,"[{'id': 153853, 'category': 1, 'rating': 9}]"
324,229794,"[{'id': 158753, 'category': 1, 'rating': 10}, {'id': 158994, 'category': 2, 'rating': 2}, {'id': 158995, 'category': 4, 'rating': 20}, {'id': 158996, 'category': 7, 'rating': 36}, {'id': 160521, 'category': 5, 'rating': 25}]"
325,215915,"[{'id': 136528, 'category': 7, 'rating': 35}, {'id': 136530, 'category': 6, 'rating': 29}, {'id': 136531, 'category': 4, 'rating': 20}, {'id': 136532, 'category': 1, 'rating': 9}, {'id': 158776, 'category': 2, 'rating': 4}, {'id': 158777, 'category': 5, 'rating': 25}]"
326,217624,"[{'id': 158767, 'category': 5, 'rating': 26}, {'id': 158770, 'category': 3, 'rating': 16}, {'id': 158771, 'category': 1, 'rating': 11}, {'id': 158772, 'category': 2, 'rating': 5}, {'id': 158773, 'category': 6, 'rating': 33}, {'id': 158774, 'category': 7, 'rating': 37}, {'id': 158775, 'category': 4, 'rating': 22}]"
327,270485,"[{'id': 157016, 'category': 1, 'rating': 8}, {'id': 157319, 'category': 5, 'rating': 23}, {'id': 157489, 'category': 2, 'rating': 1}, {'id': 158533, 'category': 7, 'rating': 34}, {'id': 158534, 'category': 4, 'rating': 19}, {'id': 158798, 'category': 6, 'rating': 28}]"
328,260780,"[{'id': 162892, 'category': 1, 'rating': 11}, {'id': 162893, 'category': 2, 'rating': 5}, {'id': 162894, 'category': 3, 'rating': 17}, {'id': 162895, 'category': 4, 'rating': 22}, {'id': 162896, 'category': 5, 'rating': 26}, {'id': 162897, 'category': 7, 'rating': 37}]"
329,204418,"[{'id': 157639, 'category': 2, 'rating': 1}, {'id': 159397, 'category': 5, 'rating': 25}, {'id': 159533, 'category': 1, 'rating': 9}, {'id': 159534, 'category': 6, 'rating': 29}, {'id': 159535, 'category': 4, 'rating': 18}, {'id': 159536, 'category': 7, 'rating': 35}]"
330,31710,"[{'id': 160748, 'category': 1, 'rating': 10}, {'id': 160874, 'category': 7, 'rating': 36}, {'id': 160875, 'category': 2, 'rating': 3}, {'id': 160876, 'category': 6, 'rating': 29}, {'id': 160877, 'category': 4, 'rating': 20}]"
331,239407,"[{'id': 127532, 'category': 7, 'rating': 35}, {'id': 127534, 'category': 6, 'rating': 28}, {'id': 127535, 'category': 4, 'rating': 20}, {'id': 149813, 'category': 1, 'rating': 10}, {'id': 159432, 'category': 5, 'rating': 23}, {'id': 159546, 'category': 2, 'rating': 2}]"
332,246564,"[{'id': 134326, 'category': 6, 'rating': 28}, {'id': 155762, 'category': 2, 'rating': 1}, {'id': 156295, 'category': 1, 'rating': 8}, {'id': 156888, 'category': 7, 'rating': 34}, {'id': 156889, 'category': 4, 'rating': 19}, {'id': 158001, 'category': 3, 'rating': 13}, {'id': 159463, 'category': 5, 'rating': 23}]"
333,258252,"[{'id': 153096, 'category': 1, 'rating': 9}, {'id': 153257, 'category': 3, 'rating': 13}, {'id': 159433, 'category': 5, 'rating': 23}, {'id': 159526, 'category': 7, 'rating': 35}, {'id': 159527, 'category': 4, 'rating': 20}, {'id': 159528, 'category': 2, 'rating': 2}, {'id': 159529, 'category': 6, 'rating': 30}]"
334,260366,"[{'id': 159183, 'category': 2, 'rating': 5}, {'id': 159184, 'category': 6, 'rating': 33}, {'id': 159185, 'category': 4, 'rating': 22}, {'id': 159186, 'category': 1, 'rating': 11}, {'id': 160731, 'category': 7, 'rating': 38}]"
335,263462,"[{'id': 160801, 'category': 5, 'rating': 25}, {'id': 160886, 'category': 1, 'rating': 11}, {'id': 160926, 'category': 7, 'rating': 37}, {'id': 160927, 'category': 6, 'rating': 33}, {'id': 160928, 'category': 2, 'rating': 4}, {'id': 160929, 'category': 4, 'rating': 22}]"
336,133896,"[{'id': 142140, 'category': 1, 'rating': 11}, {'id': 159649, 'category': 2, 'rating': 4}, {'id': 159650, 'category': 6, 'rating': 31}, {'id': 159651, 'category': 4, 'rating': 21}, {'id': 159652, 'category': 7, 'rating': 37}, {'id': 159653, 'category': 5, 'rating': 25}]"
337,146699,"[{'id': 155337, 'category': 1, 'rating': 10}, {'id': 159669, 'category': 5, 'rating': 25}, {'id': 159773, 'category': 2, 'rating': 3}, {'id': 159774, 'category': 7, 'rating': 35}, {'id': 159775, 'category': 4, 'rating': 20}, {'id': 159776, 'category': 6, 'rating': 29}]"
338,151593,"[{'id': 160222, 'category': 7, 'rating': 36}, {'id': 160223, 'category': 2, 'rating': 3}, {'id': 160225, 'category': 6, 'rating': 31}, {'id': 160228, 'category': 4, 'rating': 21}, {'id': 160230, 'category': 1, 'rating': 10}]"
339,251568,"[{'id': 141476, 'category': 1, 'rating': 11}, {'id': 161820, 'category': 2, 'rating': 5}]"
340,239385,"[{'id': 150209, 'category': 1, 'rating': 10}, {'id': 153062, 'category': 5, 'rating': 24}, {'id': 153267, 'category': 3, 'rating': 14}, {'id': 159974, 'category': 6, 'rating': 30}, {'id': 159975, 'category': 7, 'rating': 35}, {'id': 159976, 'category': 2, 'rating': 3}, {'id': 159977, 'category': 4, 'rating': 20}]"
341,250905,"[{'id': 149803, 'category': 1, 'rating': 10}, {'id': 149804, 'category': 5, 'rating': 25}, {'id': 149805, 'category': 2, 'rating': 4}, {'id': 159989, 'category': 7, 'rating': 36}, {'id': 159990, 'category': 4, 'rating': 21}, {'id': 159991, 'category': 6, 'rating': 32}]"
342,252729,"[{'id': 143920, 'category': 1, 'rating': 10}, {'id': 144248, 'category': 3, 'rating': 15}, {'id': 155846, 'category': 5, 'rating': 24}, {'id': 159829, 'category': 2, 'rating': 3}, {'id': 159830, 'category': 7, 'rating': 36}, {'id': 159831, 'category': 4, 'rating': 20}, {'id': 159832, 'category': 6, 'rating': 31}]"
343,254327,"[{'id': 143537, 'category': 1, 'rating': 8}, {'id': 143610, 'category': 2, 'rating': 2}, {'id': 144247, 'category': 3, 'rating': 13}, {'id': 148727, 'category': 5, 'rating': 23}]"
344,257332,"[{'id': 155381, 'category': 2, 'rating': 1}, {'id': 156062, 'category': 1, 'rating': 8}, {'id': 159780, 'category': 5, 'rating': 23}, {'id': 159833, 'category': 4, 'rating': 18}, {'id': 159834, 'category': 7, 'rating': 34}, {'id': 159835, 'category': 6, 'rating': 28}]"
345,194696,"[{'id': 142148, 'category': 1, 'rating': 10}, {'id': 156124, 'category': 2, 'rating': 3}]"
346,214709,"[{'id': 154221, 'category': 1, 'rating': 9}, {'id': 155051, 'category': 2, 'rating': 2}, {'id': 158013, 'category': 5, 'rating': 23}, {'id': 160095, 'category': 7, 'rating': 35}, {'id': 160096, 'category': 6, 'rating': 29}, {'id': 160097, 'category': 4, 'rating': 20}]"
347,211760,"[{'id': 158704, 'category': 2, 'rating': 3}, {'id': 158705, 'category': 6, 'rating': 31}, {'id': 158706, 'category': 4, 'rating': 21}, {'id': 158707, 'category': 1, 'rating': 11}]"
348,252192,"[{'id': 160244, 'category': 2, 'rating': 2}, {'id': 160369, 'category': 1, 'rating': 9}, {'id': 160605, 'category': 3, 'rating': 13}, {'id': 160610, 'category': 5, 'rating': 23}, {'id': 161825, 'category': 7, 'rating': 35}, {'id': 161826, 'category': 6, 'rating': 28}, {'id': 161827, 'category': 4, 'rating': 19}]"
349,256466,"[{'id': 158343, 'category': 1, 'rating': 9}, {'id': 159691, 'category': 2, 'rating': 2}, {'id': 160273, 'category': 7, 'rating': 35}, {'id': 160274, 'category': 6, 'rating': 29}, {'id': 160275, 'category': 5, 'rating': 24}, {'id': 160276, 'category': 4, 'rating': 20}]"
350,237349,"[{'id': 160823, 'category': 1, 'rating': 10}, {'id': 160880, 'category': 2, 'rating': 2}, {'id': 161067, 'category': 5, 'rating': 25}]"
351,208399,"[{'id': 155172, 'category': 1, 'rating': 10}, {'id': 155286, 'category': 7, 'rating': 36}, {'id': 155287, 'category': 2, 'rating': 4}, {'id': 155288, 'category': 4, 'rating': 21}, {'id': 160768, 'category': 6, 'rating': 31}, {'id': 160769, 'category': 5, 'rating': 25}]"
352,258295,"[{'id': 151528, 'category': 1, 'rating': 11}, {'id': 160761, 'category': 2, 'rating': 5}, {'id': 160763, 'category': 4, 'rating': 22}, {'id': 160764, 'category': 7, 'rating': 37}, {'id': 161280, 'category': 6, 'rating': 32}]"
353,275159,"[{'id': 158616, 'category': 1, 'rating': 11}]"
354,232908,"[{'id': 120030, 'category': 7, 'rating': 35}, {'id': 120031, 'category': 2, 'rating': 2}, {'id': 120032, 'category': 1, 'rating': 9}, {'id': 127692, 'category': 4, 'rating': 19}, {'id': 158574, 'category': 5, 'rating': 25}, {'id': 160933, 'category': 6, 'rating': 28}]"
355,254332,"[{'id': 143535, 'category': 1, 'rating': 9}, {'id': 148715, 'category': 3, 'rating': 14}, {'id': 148885, 'category': 2, 'rating': 3}, {'id': 150140, 'category': 5, 'rating': 24}]"
356,246348,"[{'id': 161856, 'category': 1, 'rating': 9}, {'id': 162141, 'category': 5, 'rating': 23}]"
357,146525,"[{'id': 156372, 'category': 7, 'rating': 35}, {'id': 156373, 'category': 2, 'rating': 2}, {'id': 156374, 'category': 4, 'rating': 19}, {'id': 156375, 'category': 1, 'rating': 9}, {'id': 161630, 'category': 5, 'rating': 23}]"
358,191622,"[{'id': 159475, 'category': 1, 'rating': 8}, {'id': 159688, 'category': 2, 'rating': 1}]"
359,253196,"[{'id': 148247, 'category': 1, 'rating': 11}]"
360,152202,"[{'id': 151497, 'category': 1, 'rating': 10}, {'id': 161366, 'category': 7, 'rating': 36}, {'id': 161367, 'category': 2, 'rating': 4}, {'id': 161368, 'category': 6, 'rating': 31}, {'id': 161369, 'category': 4, 'rating': 21}, {'id': 161370, 'category': 5, 'rating': 25}, {'id': 161775, 'category': 3, 'rating': 16}]"
361,203259,"[{'id': 160208, 'category': 1, 'rating': 10}, {'id': 161864, 'category': 5, 'rating': 25}, {'id': 161996, 'category': 7, 'rating': 37}, {'id': 161998, 'category': 6, 'rating': 31}, {'id': 162000, 'category': 2, 'rating': 4}, {'id': 162002, 'category': 4, 'rating': 21}]"
362,250628,"[{'id': 140985, 'category': 2, 'rating': 5}, {'id': 157807, 'category': 1, 'rating': 11}]"
363,252792,"[{'id': 151776, 'category': 1, 'rating': 8}]"
364,205700,"[{'id': 160666, 'category': 6, 'rating': 32}, {'id': 160667, 'category': 4, 'rating': 22}, {'id': 160668, 'category': 1, 'rating': 11}, {'id': 162472, 'category': 7, 'rating': 37}, {'id': 162473, 'category': 2, 'rating': 4}]"
365,232699,"[{'id': 147854, 'category': 1, 'rating': 10}, {'id': 148878, 'category': 2, 'rating': 3}]"
366,263983,"[{'id': 153519, 'category': 1, 'rating': 10}, {'id': 153722, 'category': 2, 'rating': 3}]"
367,251569,"[{'id': 140975, 'category': 1, 'rating': 11}]"
